Name;Filt;JD;mag;recno
SN2005am;uvw2;2453434.47;17.09;       1
SN2005am;uvw2;2453438.28;16.96;       2
SN2005am;uvw2;2453438.57;17.00;       3
SN2005am;uvw2;2453438.91;17.01;       4
SN2005am;uvw2;2453439.25;17.00;       5
SN2005am;uvw2;2453439.51;17.11;       6
SN2005am;uvw2;2453439.85;17.13;       7
SN2005am;uvw2;2453441.52;17.17;       8
SN2005am;uvw2;2453441.86;17.22;       9
SN2005am;uvw2;2453442.26;17.36;      10
SN2005am;uvw2;2453443.46;17.33;      11
SN2005am;uvw2;2453443.73;17.50;      12
SN2005am;uvw2;2453444.40;17.49;      13
SN2005am;uvw2;2453444.96;17.50;      14
SN2005am;uvw2;2453445.28;17.63;      15
SN2005am;uvw2;2453445.68;17.68;      16
SN2005am;uvw2;2453446.02;17.71;      17
SN2005am;uvw2;2453446.21;17.75;      18
SN2005am;uvw2;2453446.62;17.77;      19
SN2005am;uvw2;2453446.95;17.94;      20
SN2005am;uvw2;2453447.62;17.93;      21
SN2005am;uvw2;2453447.95;17.94;      22
SN2005am;uvw2;2453448.30;18.01;      23
SN2005am;uvw2;2453452.00;18.49;      24
SN2005am;uvw2;2453452.69;18.62;      25
SN2005am;uvw2;2453453.88;18.81;      26
SN2005am;uvw2;2453454.52;18.57;      27
SN2005am;uvw2;2453454.86;18.45;      28
SN2005am;uvw2;2453455.99;18.76;      29
SN2005am;uvw2;2453456.56;18.78;      30
SN2005am;uvw2;2453457.77;18.84;      31
SN2005am;uvw2;2453462.98;19.51;      32
SN2005am;uvw2;2453464.97;19.39;      33
SN2005am;uvw2;2453466.85;19.44;      34
SN2005am;uvw2;2453470.63;19.48;      35
SN2005am;uvw2;2453482.59;19.74;      36
SN2005am;uvw2;2453507.63;20.28;      37
SN2005am;uvm2;2453434.44;18.47;      38
SN2005am;uvm2;2453438.18;18.47;      39
SN2005am;uvm2;2453438.58;18.25;      40
SN2005am;uvm2;2453438.92;18.20;      41
SN2005am;uvm2;2453439.26;18.20;      42
SN2005am;uvm2;2453441.53;18.25;      43
SN2005am;uvm2;2453441.87;18.41;      44
SN2005am;uvm2;2453442.27;18.16;      45
SN2005am;uvm2;2453443.46;18.26;      46
SN2005am;uvm2;2453443.74;18.33;      47
SN2005am;uvm2;2453444.41;18.48;      48
SN2005am;uvm2;2453444.96;17.93;      49
SN2005am;uvm2;2453445.29;18.46;      50
SN2005am;uvm2;2453445.69;18.38;      51
SN2005am;uvm2;2453446.02;18.20;      52
SN2005am;uvm2;2453446.22;18.43;      53
SN2005am;uvm2;2453446.62;18.40;      54
SN2005am;uvm2;2453446.96;18.40;      55
SN2005am;uvm2;2453447.63;18.61;      56
SN2005am;uvm2;2453447.96;18.48;      57
SN2005am;uvm2;2453448.31;18.55;      58
SN2005am;uvm2;2453452.01;18.75;      59
SN2005am;uvm2;2453452.69;18.92;      60
SN2005am;uvm2;2453453.88;19.21;      61
SN2005am;uvm2;2453454.53;19.10;      62
SN2005am;uvm2;2453454.87;18.95;      63
SN2005am;uvm2;2453456.00;19.18;      64
SN2005am;uvm2;2453456.57;19.04;      65
SN2005am;uvm2;2453457.77;19.00;      66
SN2005am;uvm2;2453464.98;19.24;      67
SN2005am;uvm2;2453466.86;19.81;      68
SN2005am;uvm2;2453470.63;19.61;      69
SN2005am;uvm2;2453482.59;20.07;      70
SN2005am;uvm2;2453507.64;20.37;      71
SN2005am;uvw1;2453434.44;15.35;      72
SN2005am;uvw1;2453438.19;15.50;      73
SN2005am;uvw1;2453438.59;15.51;      74
SN2005am;uvw1;2453438.93;15.59;      75
SN2005am;uvw1;2453439.26;15.63;      76
SN2005am;uvw1;2453441.53;15.91;      77
SN2005am;uvw1;2453441.87;15.85;      78
SN2005am;uvw1;2453442.27;15.94;      79
SN2005am;uvw1;2453443.46;16.10;      80
SN2005am;uvw1;2453443.75;16.14;      81
SN2005am;uvw1;2453444.42;16.22;      82
SN2005am;uvw1;2453444.96;16.30;      83
SN2005am;uvw1;2453445.29;16.31;      84
SN2005am;uvw1;2453445.69;16.32;      85
SN2005am;uvw1;2453446.03;16.46;      86
SN2005am;uvw1;2453446.23;16.41;      87
SN2005am;uvw1;2453446.63;16.49;      88
SN2005am;uvw1;2453446.97;16.52;      89
SN2005am;uvw1;2453447.63;16.62;      90
SN2005am;uvw1;2453447.97;16.62;      91
SN2005am;uvw1;2453452.01;17.15;      92
SN2005am;uvw1;2453452.69;17.22;      93
SN2005am;uvw1;2453453.89;17.35;      94
SN2005am;uvw1;2453454.54;17.52;      95
SN2005am;uvw1;2453454.87;17.41;      96
SN2005am;uvw1;2453456.00;17.73;      97
SN2005am;uvw1;2453456.57;17.68;      98
SN2005am;uvw1;2453457.77;17.70;      99
SN2005am;uvw1;2453464.98;18.44;     100
SN2005am;uvw1;2453466.86;18.53;     101
SN2005am;uvw1;2453470.63;18.58;     102
SN2005am;uvw1;2453482.60;19.08;     103
SN2005am;uvw1;2453507.64;19.69;     104
SN2005cf;uvw2;2453525.54;17.79;     105
SN2005cf;uvw2;2453526.55;17.53;     106
SN2005cf;uvw2;2453527.55;17.33;     107
SN2005cf;uvw2;2453530.43;16.91;     108
SN2005cf;uvw2;2453530.76;16.94;     109
SN2005cf;uvw2;2453531.97;16.85;     110
SN2005cf;uvw2;2453533.04;16.83;     111
SN2005cf;uvw2;2453538.25;17.15;     112
SN2005cf;uvw2;2453538.74;17.07;     113
SN2005cf;uvw2;2453542.14;17.39;     114
SN2005cf;uvw2;2453543.70;17.47;     115
SN2005cf;uvw2;2453548.26;18.06;     116
SN2005cf;uvw2;2453550.51;18.20;     117
SN2005cf;uvw2;2453575.96;19.77;     118
SN2005cf;uvm2;2453525.55;19.69;     119
SN2005cf;uvm2;2453526.55;20.00;     120
SN2005cf;uvm2;2453527.55;19.45;     121
SN2005cf;uvm2;2453530.44;18.76;     122
SN2005cf;uvm2;2453530.77;19.26;     123
SN2005cf;uvm2;2453531.97;18.36;     124
SN2005cf;uvm2;2453533.05;18.50;     125
SN2005cf;uvm2;2453538.26;18.32;     126
SN2005cf;uvm2;2453538.74;18.31;     127
SN2005cf;uvm2;2453542.15;18.47;     128
SN2005cf;uvm2;2453543.70;18.58;     129
SN2005cf;uvm2;2453548.26;18.62;     130
SN2005cf;uvm2;2453550.51;18.92;     131
SN2005cf;uvm2;2453564.32;19.76;     132
SN2005cf;uvm2;2453575.97;20.30;     133
SN2005cf;uvw1;2453525.55;16.34;     134
SN2005cf;uvw1;2453526.55;15.91;     135
SN2005cf;uvw1;2453527.56;15.58;     136
SN2005cf;uvw1;2453530.44;15.18;     137
SN2005cf;uvw1;2453530.77;15.10;     138
SN2005cf;uvw1;2453531.97;15.10;     139
SN2005cf;uvw1;2453533.05;15.13;     140
SN2005cf;uvw1;2453538.26;15.39;     141
SN2005cf;uvw1;2453538.74;15.44;     142
SN2005cf;uvw1;2453542.15;15.83;     143
SN2005cf;uvw1;2453543.77;16.03;     144
SN2005cf;uvw1;2453548.27;16.63;     145
SN2005cf;uvw1;2453550.52;16.96;     146
SN2005cf;uvw1;2453564.33;18.17;     147
SN2005cf;uvw1;2453575.97;18.60;     148
SN2005cf;u   ;2453525.55;14.46;     149
SN2005cf;u   ;2453526.56;14.07;     150
SN2005cf;u   ;2453527.56;13.81;     151
SN2005cf;u   ;2453530.44;13.42;     152
SN2005cf;u   ;2453530.77;13.45;     153
SN2005cf;u   ;2453531.98;13.39;     154
SN2005cf;u   ;2453548.27;15.03;     155
SN2005cf;u   ;2453550.52;15.37;     156
SN2005cf;u   ;2453564.33;16.65;     157
SN2005cf;u   ;2453575.17;17.25;     158
SN2005cf;b   ;2453525.55;14.26;     159
SN2005cf;b   ;2453526.56;14.16;     160
SN2005cf;b   ;2453527.56;13.91;     161
SN2005cf;b   ;2453530.44;13.65;     162
SN2005cf;b   ;2453530.77;13.64;     163
SN2005cf;b   ;2453531.98;13.59;     164
SN2005cf;b   ;2453548.27;14.64;     165
SN2005cf;b   ;2453550.52;14.90;     166
SN2005cf;b   ;2453564.33;16.06;     167
SN2005cf;b   ;2453575.17;16.64;     168
SN2005cf;v   ;2453525.54;14.32;     169
SN2005cf;v   ;2453526.55;14.12;     170
SN2005cf;v   ;2453527.55;13.98;     171
SN2005cf;v   ;2453530.43;13.69;     172
SN2005cf;v   ;2453530.77;13.66;     173
SN2005cf;v   ;2453531.97;13.62;     174
SN2005cf;v   ;2453533.05;13.57;     175
SN2005cf;v   ;2453538.26;13.54;     176
SN2005cf;v   ;2453538.74;13.60;     177
SN2005cf;v   ;2453542.15;13.67;     178
SN2005cf;v   ;2453543.70;13.73;     179
SN2005cf;v   ;2453548.26;14.04;     180
SN2005cf;v   ;2453550.51;14.20;     181
SN2005cf;v   ;2453564.32;14.89;     182
SN2005cf;v   ;2453575.16;15.55;     183
SN2005cs;uvw2;2453552.38;13.10;     184
SN2005cs;uvw2;2453555.06;14.16;     185
SN2005cs;uvw2;2453557.27;15.00;     186
SN2005cs;uvw2;2453557.87;15.26;     187
SN2005cs;uvw2;2453558.80;15.79;     188
SN2005cs;uvw2;2453560.01;16.59;     189
SN2005cs;uvw2;2453560.62;16.78;     190
SN2005cs;uvw2;2453561.96;17.58;     191
SN2005cs;uvw2;2453562.83;17.96;     192
SN2005cs;uvw2;2453564.44;17.72;     193
SN2005cs;uvw2;2453564.50;17.85;     194
SN2005cs;uvw2;2453565.50;17.93;     195
SN2005cs;uvw2;2453568.52;18.03;     196
SN2005cs;uvw2;2453573.54;18.07;     197
SN2005cs;uvw2;2453584.14;18.06;     198
SN2005cs;uvw2;2453628.46;18.15;     199
SN2005cs;uvm2;2453552.39;12.65;     200
SN2005cs;uvm2;2453557.28;14.85;     201
SN2005cs;uvm2;2453557.88;15.16;     202
SN2005cs;uvm2;2453558.81;15.76;     203
SN2005cs;uvm2;2453560.02;16.58;     204
SN2005cs;uvm2;2453560.63;16.97;     205
SN2005cs;uvm2;2453561.96;17.48;     206
SN2005cs;uvm2;2453562.83;17.42;     207
SN2005cs;uvm2;2453564.51;17.76;     208
SN2005cs;uvm2;2453565.51;17.90;     209
SN2005cs;uvm2;2453568.52;17.88;     210
SN2005cs;uvm2;2453573.55;17.83;     211
SN2005cs;uvm2;2453628.47;18.02;     212
SN2005cs;uvw1;2453552.39;12.79;     213
SN2005cs;uvw1;2453557.28;14.34;     214
SN2005cs;uvw1;2453557.88;14.54;     215
SN2005cs;uvw1;2453558.81;14.90;     216
SN2005cs;uvw1;2453560.03;15.49;     217
SN2005cs;uvw1;2453560.63;15.80;     218
SN2005cs;uvw1;2453561.96;16.26;     219
SN2005cs;uvw1;2453562.83;16.30;     220
SN2005cs;uvw1;2453564.51;16.67;     221
SN2005cs;uvw1;2453565.51;16.91;     222
SN2005cs;uvw1;2453568.53;17.10;     223
SN2005cs;uvw1;2453573.55;17.69;     224
SN2005cs;uvw1;2453628.48;17.91;     225
SN2005df;uvw2;2453592.65;16.01;     226
SN2005df;uvw2;2453593.76;15.94;     227
SN2005df;uvw2;2453594.76;15.70;     228
SN2005df;uvw2;2453595.59;15.74;     229
SN2005df;uvw2;2453597.60;15.67;     230
SN2005df;uvw2;2453599.24;15.62;     231
SN2005df;uvw2;2453600.28;15.53;     232
SN2005df;uvw2;2453601.05;15.68;     233
SN2005df;uvw2;2453601.62;15.67;     234
SN2005df;uvw2;2453610.99;16.48;     235
SN2005df;uvw2;2453621.11;17.32;     236
SN2005df;uvw2;2453625.37;17.58;     237
SN2005df;uvw2;2453629.59;17.83;     238
SN2005df;uvw2;2453633.96;17.98;     239
SN2005df;uvw2;2453655.62;18.68;     240
SN2005df;uvw2;2453673.75;19.18;     241
SN2005df;uvm2;2453592.65;17.55;     242
SN2005df;uvm2;2453593.76;17.56;     243
SN2005df;uvm2;2453594.76;17.25;     244
SN2005df;uvm2;2453595.59;17.14;     245
SN2005df;uvm2;2453597.60;17.00;     246
SN2005df;uvm2;2453599.25;16.88;     247
SN2005df;uvm2;2453600.28;16.90;     248
SN2005df;uvm2;2453601.05;16.81;     249
SN2005df;uvm2;2453601.62;17.11;     250
SN2005df;uvm2;2453610.99;17.32;     251
SN2005df;uvm2;2453621.12;17.92;     252
SN2005df;uvm2;2453625.38;18.16;     253
SN2005df;uvm2;2453633.93;18.72;     254
SN2005df;uvm2;2453655.62;18.87;     255
SN2005df;uvm2;2453673.75;19.21;     256
SN2005df;uvw1;2453592.66;14.35;     257
SN2005df;uvw1;2453593.76;14.19;     258
SN2005df;uvw1;2453594.77;14.03;     259
SN2005df;uvw1;2453595.60;13.98;     260
SN2005df;uvw1;2453597.61;13.92;     261
SN2005df;uvw1;2453600.29;13.96;     262
SN2005df;uvw1;2453601.62;14.05;     263
SN2005df;uvw1;2453611.00;15.01;     264
SN2005df;uvw1;2453621.12;16.13;     265
SN2005df;uvw1;2453637.05;17.01;     266
SN2005df;uvw1;2453655.63;17.38;     267
SN2005df;uvw1;2453673.75;18.00;     268
SN2005df;uvw1;2453711.64;18.88;     269
SN2005hk;uvw2;2453678.28;18.28;     270
SN2005hk;uvw2;2453680.93;18.44;     271
SN2005hk;uvw2;2453683.55;18.69;     272
SN2005hk;uvw2;2453688.87;19.24;     273
SN2005hk;uvw2;2453691.12;19.57;     274
SN2005hk;uvw2;2453694.62;20.40;     275
SN2005hk;uvw2;2453697.91;20.85;     276
SN2005hk;uvw2;2453702.86;20.89;     277
SN2005hk;uvw2;2453705.91;20.98;     278
SN2005hk;uvw2;2453707.95;21.10;     279
SN2005hk;uvw2;2453712.57;20.94;     280
SN2005hk;uvw2;2453716.07;21.04;     281
SN2005hk;uvw2;2453718.22;21.07;     282
SN2005hk;uvw2;2453726.31;21.09;     283
SN2005hk;uvw2;2453744.88;20.98;     284
SN2005hk;uvm2;2453678.26;18.57;     285
SN2005hk;uvm2;2453680.94;18.65;     286
SN2005hk;uvm2;2453683.55;19.26;     287
SN2005hk;uvm2;2453688.88;19.93;     288
SN2005hk;uvm2;2453691.12;19.93;     289
SN2005hk;uvm2;2453694.62;20.47;     290
SN2005hk;uvm2;2453697.92;20.34;     291
SN2005hk;uvm2;2453702.87;20.44;     292
SN2005hk;uvw1;2453678.27;16.97;     293
SN2005hk;uvw1;2453680.97;16.96;     294
SN2005hk;uvw1;2453683.55;17.02;     295
SN2005hk;uvw1;2453688.88;17.78;     296
SN2005hk;uvw1;2453691.12;18.18;     297
SN2005hk;uvw1;2453694.63;18.75;     298
SN2005hk;uvw1;2453697.92;19.40;     299
SN2005hk;uvw1;2453702.87;20.35;     300
SN2005hk;uvw1;2453705.92;20.51;     301
SN2005hk;uvw1;2453707.96;20.44;     302
SN2005hk;uvw1;2453712.57;20.48;     303
SN2005hk;uvw1;2453718.23;20.55;     304
SN2005hk;uvw1;2453744.88;20.37;     305
SN2005hk;u   ;2453678.27;15.49;     306
SN2005hk;u   ;2453681.75;15.50;     307
SN2005hk;u   ;2453688.88;16.12;     308
SN2005hk;u   ;2453691.12;16.50;     309
SN2005hk;u   ;2453694.63;17.01;     310
SN2005hk;u   ;2453697.92;17.75;     311
SN2005hk;u   ;2453702.88;18.66;     312
SN2005hk;u   ;2453705.92;18.88;     313
SN2005hk;u   ;2453707.96;19.19;     314
SN2005hk;u   ;2453712.58;19.09;     315
SN2005hk;u   ;2453718.23;19.51;     316
SN2005hk;u   ;2453744.89;19.70;     317
SN2005hk;b   ;2453678.27;16.30;     318
SN2005hk;b   ;2453681.75;15.98;     319
SN2005hk;b   ;2453688.88;15.99;     320
SN2005hk;b   ;2453691.12;16.33;     321
SN2005hk;b   ;2453694.63;16.66;     322
SN2005hk;b   ;2453697.92;17.22;     323
SN2005hk;b   ;2453702.88;17.84;     324
SN2005hk;b   ;2453705.92;18.15;     325
SN2005hk;b   ;2453707.97;18.33;     326
SN2005hk;b   ;2453712.58;18.45;     327
SN2005hk;b   ;2453718.23;18.86;     328
SN2005hk;b   ;2453744.89;19.05;     329
SN2005hk;v   ;2453678.26;16.39;     330
SN2005hk;v   ;2453680.93;16.06;     331
SN2005hk;v   ;2453683.54;15.91;     332
SN2005hk;v   ;2453688.87;15.70;     333
SN2005hk;v   ;2453691.12;15.72;     334
SN2005hk;v   ;2453694.62;15.84;     335
SN2005hk;v   ;2453697.92;16.13;     336
SN2005hk;v   ;2453702.87;16.52;     337
SN2005hk;v   ;2453705.92;16.76;     338
SN2005hk;v   ;2453707.95;16.92;     339
SN2005hk;v   ;2453712.57;17.08;     340
SN2005hk;v   ;2453718.23;17.29;     341
SN2005hk;v   ;2453744.88;17.89;     342
SN2005ke;uvw2;2453689.28;20.51;     343
SN2005ke;uvw2;2453691.12;19.69;     344
SN2005ke;uvw2;2453692.26;19.06;     345
SN2005ke;uvw2;2453693.43;18.93;     346
SN2005ke;uvw2;2453693.69;18.82;     347
SN2005ke;uvw2;2453695.67;18.56;     348
SN2005ke;uvw2;2453696.68;18.59;     349
SN2005ke;uvw2;2453697.25;18.40;     350
SN2005ke;uvw2;2453697.85;18.39;     351
SN2005ke;uvw2;2453698.99;18.41;     352
SN2005ke;uvw2;2453701.26;18.33;     353
SN2005ke;uvw2;2453703.77;18.72;     354
SN2005ke;uvw2;2453705.42;18.73;     355
SN2005ke;uvw2;2453706.85;19.29;     356
SN2005ke;uvw2;2453708.69;19.50;     357
SN2005ke;uvw2;2453712.91;19.84;     358
SN2005ke;uvw2;2453714.15;19.91;     359
SN2005ke;uvw2;2453714.99;19.99;     360
SN2005ke;uvw2;2453716.66;19.91;     361
SN2005ke;uvw2;2453719.55;20.32;     362
SN2005ke;uvw2;2453722.69;19.99;     363
SN2005ke;uvw2;2453724.90;20.02;     364
SN2005ke;uvw2;2453726.18;20.14;     365
SN2005ke;uvw2;2453727.02;20.18;     366
SN2005ke;uvw2;2453728.52;20.14;     367
SN2005ke;uvw2;2453730.33;20.21;     368
SN2005ke;uvw2;2453734.50;20.46;     369
SN2005ke;uvw2;2453739.83;20.40;     370
SN2005ke;uvw2;2453747.10;21.14;     371
SN2005ke;uvw2;2453757.14;21.18;     372
SN2005ke;uvw2;2453765.65;21.22;     373
SN2005ke;uvm2;2453689.25;20.93;     374
SN2005ke;uvm2;2453690.89;19.83;     375
SN2005ke;uvm2;2453692.37;19.43;     376
SN2005ke;uvm2;2453693.44;19.65;     377
SN2005ke;uvm2;2453693.69;19.41;     378
SN2005ke;uvm2;2453695.67;19.51;     379
SN2005ke;uvm2;2453696.68;18.95;     380
SN2005ke;uvm2;2453697.25;19.02;     381
SN2005ke;uvm2;2453697.85;19.14;     382
SN2005ke;uvm2;2453698.99;18.81;     383
SN2005ke;uvm2;2453701.27;18.79;     384
SN2005ke;uvm2;2453703.78;19.09;     385
SN2005ke;uvm2;2453705.42;19.28;     386
SN2005ke;uvm2;2453706.86;19.75;     387
SN2005ke;uvm2;2453708.70;19.70;     388
SN2005ke;uvm2;2453712.92;19.80;     389
SN2005ke;uvm2;2453714.16;19.61;     390
SN2005ke;uvm2;2453714.99;19.95;     391
SN2005ke;uvm2;2453716.67;19.79;     392
SN2005ke;uvm2;2453722.90;19.67;     393
SN2005ke;uvm2;2453724.91;19.66;     394
SN2005ke;uvm2;2453726.19;19.55;     395
SN2005ke;uvm2;2453727.02;19.70;     396
SN2005ke;uvm2;2453728.53;19.72;     397
SN2005ke;uvw1;2453689.26;18.98;     398
SN2005ke;uvw1;2453690.89;17.90;     399
SN2005ke;uvw1;2453692.37;17.68;     400
SN2005ke;uvw1;2453693.44;17.44;     401
SN2005ke;uvw1;2453693.69;17.49;     402
SN2005ke;uvw1;2453695.68;17.21;     403
SN2005ke;uvw1;2453696.69;17.14;     404
SN2005ke;uvw1;2453697.26;17.12;     405
SN2005ke;uvw1;2453697.86;17.08;     406
SN2005ke;uvw1;2453699.00;17.02;     407
SN2005ke;uvw1;2453701.27;17.21;     408
SN2005ke;uvw1;2453703.78;17.44;     409
SN2005ke;uvw1;2453705.43;17.72;     410
SN2005ke;uvw1;2453706.86;17.97;     411
SN2005ke;uvw1;2453708.71;18.13;     412
SN2005ke;uvw1;2453712.92;18.54;     413
SN2005ke;uvw1;2453714.16;18.62;     414
SN2005ke;uvw1;2453714.83;18.62;     415
SN2005ke;uvw1;2453716.77;18.60;     416
SN2005ke;uvw1;2453719.55;18.90;     417
SN2005ke;uvw1;2453722.03;18.77;     418
SN2005ke;uvw1;2453724.91;18.79;     419
SN2005ke;uvw1;2453726.19;18.81;     420
SN2005ke;uvw1;2453727.02;18.72;     421
SN2005ke;uvw1;2453728.13;18.77;     422
SN2005ke;uvw1;2453730.07;18.78;     423
SN2005ke;uvw1;2453734.51;19.01;     424
SN2005ke;uvw1;2453739.84;19.05;     425
SN2005ke;uvw1;2453747.10;19.13;     426
SN2005ke;uvw1;2453757.15;19.62;     427
SN2005ke;uvw1;2453765.66;19.95;     428
SN2005ke;uvw1;2453796.41;20.74;     429
SN2005ke;uvw1;2453800.14;20.88;     430
SN2005ke;u   ;2453689.26;17.01;     431
SN2005ke;u   ;2453690.89;16.14;     432
SN2005ke;u   ;2453692.37;15.80;     433
SN2005ke;u   ;2453693.44;15.76;     434
SN2005ke;u   ;2453693.69;15.61;     435
SN2005ke;u   ;2453695.68;15.55;     436
SN2005ke;u   ;2453696.69;15.54;     437
SN2005ke;u   ;2453697.26;15.54;     438
SN2005ke;u   ;2453697.86;15.50;     439
SN2005ke;u   ;2453699.00;15.55;     440
SN2005ke;u   ;2453701.27;15.71;     441
SN2005ke;u   ;2453703.78;16.09;     442
SN2005ke;u   ;2453705.43;16.36;     443
SN2005ke;u   ;2453706.87;16.60;     444
SN2005ke;u   ;2453708.71;16.85;     445
SN2005ke;u   ;2453712.93;17.39;     446
SN2005ke;u   ;2453714.16;17.42;     447
SN2005ke;u   ;2453714.83;17.45;     448
SN2005ke;u   ;2453716.77;17.57;     449
SN2005ke;u   ;2453719.52;17.69;     450
SN2005ke;u   ;2453722.03;17.70;     451
SN2005ke;u   ;2453724.92;17.74;     452
SN2005ke;u   ;2453726.19;17.84;     453
SN2005ke;u   ;2453727.02;17.83;     454
SN2005ke;u   ;2453728.13;17.90;     455
SN2005ke;u   ;2453730.07;17.92;     456
SN2005ke;u   ;2453734.51;18.07;     457
SN2005ke;u   ;2453739.85;18.33;     458
SN2005ke;u   ;2453747.11;18.42;     459
SN2005ke;u   ;2453757.15;18.73;     460
SN2005ke;u   ;2453765.66;19.03;     461
SN2005ke;b   ;2453689.26;16.84;     462
SN2005ke;b   ;2453690.89;16.25;     463
SN2005ke;b   ;2453692.37;15.65;     464
SN2005ke;b   ;2453693.44;15.42;     465
SN2005ke;b   ;2453693.76;15.31;     466
SN2005ke;b   ;2453695.56;15.15;     467
SN2005ke;b   ;2453696.69;14.98;     468
SN2005ke;b   ;2453697.26;14.96;     469
SN2005ke;b   ;2453697.86;14.91;     470
SN2005ke;b   ;2453699.00;14.89;     471
SN2005ke;b   ;2453701.27;14.97;     472
SN2005ke;b   ;2453703.79;15.29;     473
SN2005ke;b   ;2453705.43;15.52;     474
SN2005ke;b   ;2453706.87;15.83;     475
SN2005ke;b   ;2453708.71;16.08;     476
SN2005ke;b   ;2453712.93;16.60;     477
SN2005ke;b   ;2453714.16;16.77;     478
SN2005ke;b   ;2453714.83;16.75;     479
SN2005ke;b   ;2453716.77;16.87;     480
SN2005ke;b   ;2453719.52;16.95;     481
SN2005ke;b   ;2453724.92;17.24;     482
SN2005ke;b   ;2453726.19;17.31;     483
SN2005ke;b   ;2453727.03;17.31;     484
SN2005ke;b   ;2453728.13;17.34;     485
SN2005ke;b   ;2453730.07;17.40;     486
SN2005ke;b   ;2453734.52;17.55;     487
SN2005ke;b   ;2453739.85;17.66;     488
SN2005ke;b   ;2453747.11;17.84;     489
SN2005ke;b   ;2453757.16;18.04;     490
SN2005ke;b   ;2453765.66;18.23;     491
SN2005ke;v   ;2453689.25;16.49;     492
SN2005ke;v   ;2453690.89;15.78;     493
SN2005ke;v   ;2453692.36;15.24;     494
SN2005ke;v   ;2453693.44;15.04;     495
SN2005ke;v   ;2453693.69;14.84;     496
SN2005ke;v   ;2453695.67;14.57;     497
SN2005ke;v   ;2453696.68;14.45;     498
SN2005ke;v   ;2453697.25;14.42;     499
SN2005ke;v   ;2453697.85;14.34;     500
SN2005ke;v   ;2453698.99;14.27;     501
SN2005ke;v   ;2453701.27;14.15;     502
SN2005ke;v   ;2453703.77;14.28;     503
SN2005ke;v   ;2453705.42;14.34;     504
SN2005ke;v   ;2453706.85;14.43;     505
SN2005ke;v   ;2453708.70;14.66;     506
SN2005ke;v   ;2453712.91;15.11;     507
SN2005ke;v   ;2453714.15;15.16;     508
SN2005ke;v   ;2453714.99;15.33;     509
SN2005ke;v   ;2453716.67;15.41;     510
SN2005ke;v   ;2453719.55;15.64;     511
SN2005ke;v   ;2453722.03;15.81;     512
SN2005ke;v   ;2453724.91;16.01;     513
SN2005ke;v   ;2453726.19;16.06;     514
SN2005ke;v   ;2453727.02;16.10;     515
SN2005ke;v   ;2453728.12;16.15;     516
SN2005ke;v   ;2453730.06;16.25;     517
SN2005ke;v   ;2453734.51;16.44;     518
SN2005ke;v   ;2453739.84;16.64;     519
SN2005ke;v   ;2453747.10;16.84;     520
SN2005ke;v   ;2453757.15;17.20;     521
SN2005ke;v   ;2453765.65;17.46;     522
SN2005ke;v   ;2453800.14;18.30;     523
SN2006E ;uvw2;2453749.33;18.08;     524
SN2006E ;uvw2;2453755.60;18.28;     525
SN2006E ;uvw2;2453763.62;18.64;     526
SN2006E ;uvw2;2453816.81;20.00;     527
SN2006E ;uvw2;2453882.12;21.09;     528
SN2006E ;uvw2;2453888.75;20.66;     529
SN2006E ;uvw2;2453900.96;21.26;     530
SN2006E ;uvm2;2453755.61;18.66;     531
SN2006E ;uvm2;2453763.63;19.04;     532
SN2006E ;uvm2;2453816.81;20.73;     533
SN2006E ;uvw1;2453749.34;17.06;     534
SN2006E ;uvw1;2453755.61;17.26;     535
SN2006E ;uvw1;2453763.63;17.39;     536
SN2006E ;uvw1;2453816.81;18.63;     537
SN2006E ;uvw1;2453882.09;20.06;     538
SN2006E ;uvw1;2453888.75;20.12;     539
SN2006E ;uvw1;2453900.96;20.13;     540
SN2006E ;u   ;2453755.61;15.76;     541
SN2006E ;u   ;2453763.63;15.96;     542
SN2006E ;u   ;2453816.81;17.09;     543
SN2006E ;u   ;2453882.09;18.50;     544
SN2006E ;u   ;2453900.56;18.79;     545
SN2006E ;b   ;2453755.61;15.44;     546
SN2006E ;b   ;2453763.63;15.57;     547
SN2006E ;b   ;2453816.81;16.37;     548
SN2006E ;b   ;2453882.09;17.39;     549
SN2006E ;b   ;2453900.56;17.65;     550
SN2006E ;v   ;2453755.61;14.43;     551
SN2006E ;v   ;2453763.63;14.72;     552
SN2006E ;v   ;2453816.81;16.04;     553
SN2006E ;v   ;2453882.09;17.37;     554
SN2006E ;v   ;2453900.55;17.63;     555
SN2006X ;uvw2;2453774.87;20.25;     556
SN2006X ;uvw2;2453776.89;20.32;     557
SN2006X ;uvw2;2453778.86;19.92;     558
SN2006X ;uvw2;2453780.90;20.02;     559
SN2006X ;uvw2;2453786.83;19.54;     560
SN2006X ;uvw2;2453787.79;19.59;     561
SN2006X ;uvw2;2453791.01;19.39;     562
SN2006X ;uvw2;2453793.08;19.62;     563
SN2006X ;uvw2;2453797.27;19.72;     564
SN2006X ;uvw2;2453800.42;20.20;     565
SN2006X ;uvw2;2453807.19;20.35;     566
SN2006X ;uvw2;2453812.61;20.39;     567
SN2006X ;uvw2;2453821.85;20.44;     568
SN2006X ;uvw2;2453824.03;20.56;     569
SN2006X ;uvm2;2453774.88;19.88;     570
SN2006X ;uvm2;2453778.90;19.74;     571
SN2006X ;uvm2;2453780.90;20.08;     572
SN2006X ;uvm2;2453784.22;19.99;     573
SN2006X ;uvm2;2453787.80;19.59;     574
SN2006X ;uvm2;2453791.01;19.64;     575
SN2006X ;uvm2;2453793.09;19.90;     576
SN2006X ;uvm2;2453795.37;19.86;     577
SN2006X ;uvm2;2453797.27;19.65;     578
SN2006X ;uvm2;2453800.39;19.90;     579
SN2006X ;uvm2;2453807.20;20.06;     580
SN2006X ;uvm2;2453812.61;20.06;     581
SN2006X ;uvw1;2453774.88;19.72;     582
SN2006X ;uvw1;2453776.89;18.99;     583
SN2006X ;uvw1;2453780.91;18.41;     584
SN2006X ;uvw1;2453784.22;18.24;     585
SN2006X ;uvw1;2453786.80;18.53;     586
SN2006X ;uvw1;2453787.80;18.44;     587
SN2006X ;uvw1;2453791.01;18.44;     588
SN2006X ;uvw1;2453793.09;18.73;     589
SN2006X ;uvw1;2453795.37;18.85;     590
SN2006X ;uvw1;2453797.27;18.93;     591
SN2006X ;uvw1;2453800.39;19.64;     592
SN2006X ;uvw1;2453807.20;19.91;     593
SN2006X ;uvw1;2453812.61;19.94;     594
SN2006X ;uvw1;2453821.75;19.87;     595
SN2006X ;uvw1;2453824.03;20.24;     596
SN2006X ;u   ;2453774.88;18.81;     597
SN2006X ;u   ;2453780.91;17.16;     598
SN2006X ;u   ;2453784.39;17.00;     599
SN2006X ;u   ;2453786.76;17.11;     600
SN2006X ;u   ;2453787.80;17.06;     601
SN2006X ;u   ;2453791.01;17.22;     602
SN2006X ;u   ;2453793.09;17.43;     603
SN2006X ;u   ;2453795.37;17.78;     604
SN2006X ;u   ;2453797.24;17.97;     605
SN2006X ;u   ;2453800.39;18.37;     606
SN2006X ;u   ;2453807.20;19.08;     607
SN2006X ;u   ;2453812.61;19.46;     608
SN2006X ;u   ;2453822.05;19.72;     609
SN2006X ;u   ;2453823.83;19.70;     610
SN2006X ;b   ;2453774.88;17.21;     611
SN2006X ;b   ;2453780.91;15.71;     612
SN2006X ;b   ;2453784.46;15.47;     613
SN2006X ;b   ;2453786.76;15.34;     614
SN2006X ;b   ;2453787.80;15.47;     615
SN2006X ;b   ;2453791.01;15.65;     616
SN2006X ;b   ;2453793.09;15.89;     617
SN2006X ;b   ;2453795.37;16.02;     618
SN2006X ;b   ;2453797.24;16.20;     619
SN2006X ;b   ;2453800.40;16.43;     620
SN2006X ;b   ;2453807.20;17.20;     621
SN2006X ;b   ;2453812.62;17.61;     622
SN2006X ;b   ;2453822.06;18.09;     623
SN2006X ;b   ;2453823.84;18.13;     624
SN2006X ;v   ;2453774.87;15.76;     625
SN2006X ;v   ;2453778.90;14.72;     626
SN2006X ;v   ;2453780.90;14.47;     627
SN2006X ;v   ;2453784.22;14.15;     628
SN2006X ;v   ;2453786.83;14.04;     629
SN2006X ;v   ;2453787.79;14.04;     630
SN2006X ;v   ;2453791.01;13.99;     631
SN2006X ;v   ;2453793.09;14.13;     632
SN2006X ;v   ;2453795.37;14.23;     633
SN2006X ;v   ;2453797.27;14.31;     634
SN2006X ;v   ;2453800.39;14.62;     635
SN2006X ;v   ;2453807.20;14.92;     636
SN2006X ;v   ;2453812.61;15.13;     637
SN2006X ;v   ;2453822.05;15.79;     638
SN2006X ;v   ;2453823.83;15.85;     639
SN2006aj;uvw2;2453784.66;18.38;     640
SN2006aj;uvw2;2453784.67;17.15;     641
SN2006aj;uvw2;2453784.68;16.91;     642
SN2006aj;uvw2;2453784.73;16.24;     643
SN2006aj;uvw2;2453784.75;16.10;     644
SN2006aj;uvw2;2453784.86;15.74;     645
SN2006aj;uvw2;2453784.94;15.63;     646
SN2006aj;uvw2;2453785.19;15.60;     647
SN2006aj;uvw2;2453785.28;15.73;     648
SN2006aj;uvw2;2453785.53;16.03;     649
SN2006aj;uvw2;2453785.61;16.25;     650
SN2006aj;uvw2;2453785.73;16.38;     651
SN2006aj;uvw2;2453785.81;16.56;     652
SN2006aj;uvw2;2453786.06;16.98;     653
SN2006aj;uvw2;2453786.15;17.26;     654
SN2006aj;uvw2;2453787.91;20.43;     655
SN2006aj;uvw2;2453788.30;20.64;     656
SN2006aj;uvw2;2453790.02;20.68;     657
SN2006aj;uvw2;2453791.02;20.60;     658
SN2006aj;uvw2;2453792.03;20.51;     659
SN2006aj;uvw2;2453793.26;20.60;     660
SN2006aj;uvw2;2453794.04;20.52;     661
SN2006aj;uvw2;2453794.84;20.76;     662
SN2006aj;uvw2;2453795.84;20.82;     663
SN2006aj;uvw2;2453796.78;20.73;     664
SN2006aj;uvw2;2453797.71;20.91;     665
SN2006aj;uvw2;2453803.01;21.23;     666
SN2006aj;uvw2;2453803.98;21.22;     667
SN2006aj;uvw2;2453805.02;21.24;     668
SN2006aj;uvw2;2453807.02;21.29;     669
SN2006aj;uvw2;2453809.04;21.17;     670
SN2006aj;uvm2;2453784.66;18.41;     671
SN2006aj;uvm2;2453784.67;17.17;     672
SN2006aj;uvm2;2453784.68;17.26;     673
SN2006aj;uvm2;2453784.72;16.63;     674
SN2006aj;uvm2;2453784.74;16.50;     675
SN2006aj;uvm2;2453784.80;16.12;     676
SN2006aj;uvm2;2453784.88;15.98;     677
SN2006aj;uvm2;2453785.12;15.73;     678
SN2006aj;uvm2;2453785.21;15.71;     679
SN2006aj;uvm2;2453785.54;15.94;     680
SN2006aj;uvm2;2453785.75;16.21;     681
SN2006aj;uvm2;2453785.99;16.62;     682
SN2006aj;uvm2;2453786.08;16.73;     683
SN2006aj;uvm2;2453787.94;20.69;     684
SN2006aj;uvm2;2453788.31;20.76;     685
SN2006aj;uvm2;2453790.02;20.83;     686
SN2006aj;uvm2;2453791.03;20.96;     687
SN2006aj;uvm2;2453792.03;21.03;     688
SN2006aj;uvm2;2453793.27;20.87;     689
SN2006aj;uvm2;2453794.04;20.65;     690
SN2006aj;uvm2;2453794.85;20.94;     691
SN2006aj;uvm2;2453795.84;21.07;     692
SN2006aj;uvm2;2453796.79;21.01;     693
SN2006aj;uvm2;2453797.72;20.94;     694
SN2006aj;uvm2;2453803.01;21.05;     695
SN2006aj;uvm2;2453803.93;21.00;     696
SN2006aj;uvm2;2453805.03;20.99;     697
SN2006aj;uvm2;2453807.03;21.14;     698
SN2006aj;uvm2;2453809.05;20.93;     699
SN2006aj;uvw1;2453784.66;18.14;     700
SN2006aj;uvw1;2453784.67;17.61;     701
SN2006aj;uvw1;2453784.68;17.13;     702
SN2006aj;uvw1;2453784.72;16.71;     703
SN2006aj;uvw1;2453784.74;16.54;     704
SN2006aj;uvw1;2453784.81;16.19;     705
SN2006aj;uvw1;2453785.06;15.91;     706
SN2006aj;uvw1;2453785.14;15.86;     707
SN2006aj;uvw1;2453785.39;15.97;     708
SN2006aj;uvw1;2453786.01;16.56;     709
SN2006aj;uvw1;2453787.95;18.78;     710
SN2006aj;uvw1;2453788.31;19.01;     711
SN2006aj;uvw1;2453790.02;19.08;     712
SN2006aj;uvw1;2453791.03;19.09;     713
SN2006aj;uvw1;2453792.03;19.25;     714
SN2006aj;uvw1;2453793.27;19.41;     715
SN2006aj;uvw1;2453794.04;19.13;     716
SN2006aj;uvw1;2453794.85;19.59;     717
SN2006aj;uvw1;2453795.85;19.60;     718
SN2006aj;uvw1;2453796.79;19.69;     719
SN2006aj;uvw1;2453797.72;20.11;     720
SN2006aj;uvw1;2453803.02;20.80;     721
SN2006aj;uvw1;2453803.93;20.81;     722
SN2006aj;uvw1;2453807.03;20.90;     723
SN2006aj;uvw1;2453809.05;20.76;     724
SN2006aj;u   ;2453784.66;18.02;     725
SN2006aj;u   ;2453784.67;17.71;     726
SN2006aj;u   ;2453784.68;17.35;     727
SN2006aj;u   ;2453784.72;17.11;     728
SN2006aj;u   ;2453784.74;16.95;     729
SN2006aj;u   ;2453784.99;16.37;     730
SN2006aj;u   ;2453785.07;16.32;     731
SN2006aj;u   ;2453785.15;16.34;     732
SN2006aj;u   ;2453785.33;16.40;     733
SN2006aj;u   ;2453785.40;16.44;     734
SN2006aj;u   ;2453785.66;16.66;     735
SN2006aj;u   ;2453786.02;17.03;     736
SN2006aj;u   ;2453786.20;17.19;     737
SN2006aj;u   ;2453787.95;17.74;     738
SN2006aj;u   ;2453788.32;17.78;     739
SN2006aj;u   ;2453790.03;17.67;     740
SN2006aj;u   ;2453791.03;17.67;     741
SN2006aj;u   ;2453792.04;17.74;     742
SN2006aj;u   ;2453793.27;17.76;     743
SN2006aj;u   ;2453794.04;17.82;     744
SN2006aj;u   ;2453794.85;17.95;     745
SN2006aj;u   ;2453795.91;18.13;     746
SN2006aj;u   ;2453797.02;18.25;     747
SN2006aj;u   ;2453797.73;18.37;     748
SN2006aj;u   ;2453803.02;19.39;     749
SN2006aj;u   ;2453803.93;19.40;     750
SN2006aj;u   ;2453805.03;19.87;     751
SN2006aj;u   ;2453805.77;19.62;     752
SN2006aj;u   ;2453809.05;19.88;     753
SN2006aj;u   ;2453809.64;20.06;     754
SN2006aj;u   ;2453810.65;20.20;     755
SN2006aj;u   ;2453811.89;20.44;     756
SN2006aj;u   ;2453812.86;20.68;     757
SN2006aj;u   ;2453815.40;20.65;     758
SN2006aj;u   ;2453815.64;20.75;     759
SN2006aj;b   ;2453784.65;19.59;     760
SN2006aj;b   ;2453784.66;18.78;     761
SN2006aj;b   ;2453784.66;19.30;     762
SN2006aj;b   ;2453784.67;18.81;     763
SN2006aj;b   ;2453784.68;18.43;     764
SN2006aj;b   ;2453784.73;18.33;     765
SN2006aj;b   ;2453784.74;18.31;     766
SN2006aj;b   ;2453784.92;17.74;     767
SN2006aj;b   ;2453785.00;17.64;     768
SN2006aj;b   ;2453785.08;17.67;     769
SN2006aj;b   ;2453785.26;17.73;     770
SN2006aj;b   ;2453785.34;17.66;     771
SN2006aj;b   ;2453785.46;17.70;     772
SN2006aj;b   ;2453785.59;17.86;     773
SN2006aj;b   ;2453785.67;17.87;     774
SN2006aj;b   ;2453785.79;18.01;     775
SN2006aj;b   ;2453786.13;18.32;     776
SN2006aj;b   ;2453786.21;18.27;     777
SN2006aj;b   ;2453787.28;18.61;     778
SN2006aj;b   ;2453787.95;18.59;     779
SN2006aj;b   ;2453788.32;18.48;     780
SN2006aj;b   ;2453790.03;18.29;     781
SN2006aj;b   ;2453791.03;18.13;     782
SN2006aj;b   ;2453792.04;18.11;     783
SN2006aj;b   ;2453793.28;18.08;     784
SN2006aj;b   ;2453794.04;18.15;     785
SN2006aj;b   ;2453794.85;18.18;     786
SN2006aj;b   ;2453795.91;18.25;     787
SN2006aj;b   ;2453797.03;18.32;     788
SN2006aj;b   ;2453797.73;18.40;     789
SN2006aj;b   ;2453803.02;19.17;     790
SN2006aj;b   ;2453803.93;19.36;     791
SN2006aj;b   ;2453805.03;19.59;     792
SN2006aj;b   ;2453805.77;19.48;     793
SN2006aj;b   ;2453809.05;19.79;     794
SN2006aj;b   ;2453809.65;20.32;     795
SN2006aj;b   ;2453810.65;20.50;     796
SN2006aj;b   ;2453811.89;19.88;     797
SN2006aj;b   ;2453812.86;20.35;     798
SN2006aj;b   ;2453815.41;20.30;     799
SN2006aj;b   ;2453815.64;20.55;     800
SN2006aj;b   ;2453817.08;20.10;     801
SN2006aj;v   ;2453784.65;19.06;     802
SN2006aj;v   ;2453784.66;18.02;     803
SN2006aj;v   ;2453784.66;18.64;     804
SN2006aj;v   ;2453784.67;18.51;     805
SN2006aj;v   ;2453784.68;18.27;     806
SN2006aj;v   ;2453784.73;18.32;     807
SN2006aj;v   ;2453784.79;18.02;     808
SN2006aj;v   ;2453784.87;17.84;     809
SN2006aj;v   ;2453785.20;17.70;     810
SN2006aj;v   ;2453785.54;17.80;     811
SN2006aj;v   ;2453785.74;17.83;     812
SN2006aj;v   ;2453786.07;18.12;     813
SN2006aj;v   ;2453787.27;18.34;     814
SN2006aj;v   ;2453787.91;18.38;     815
SN2006aj;v   ;2453788.31;18.24;     816
SN2006aj;v   ;2453790.02;17.89;     817
SN2006aj;v   ;2453791.02;17.60;     818
SN2006aj;v   ;2453792.03;17.60;     819
SN2006aj;v   ;2453793.27;17.51;     820
SN2006aj;v   ;2453794.04;17.57;     821
SN2006aj;v   ;2453794.84;17.56;     822
SN2006aj;v   ;2453795.91;17.56;     823
SN2006aj;v   ;2453797.02;17.54;     824
SN2006aj;v   ;2453797.73;17.65;     825
SN2006aj;v   ;2453803.01;17.97;     826
SN2006aj;v   ;2453803.92;18.09;     827
SN2006aj;v   ;2453803.69;17.89;     828
SN2006aj;v   ;2453805.02;18.15;     829
SN2006aj;v   ;2453805.77;18.19;     830
SN2006aj;v   ;2453809.04;18.49;     831
SN2006aj;v   ;2453809.64;18.53;     832
SN2006aj;v   ;2453810.64;18.41;     833
SN2006aj;v   ;2453811.88;18.71;     834
SN2006aj;v   ;2453812.85;18.91;     835
SN2006aj;v   ;2453815.39;18.77;     836
SN2006aj;v   ;2453815.63;19.27;     837
SN2006aj;v   ;2453817.07;19.22;     838
SN2006aj;v   ;2453817.88;19.13;     839
SN2006aj;v   ;2453819.02;19.43;     840
SN2006aj;v   ;2453820.19;18.95;     841
SN2006aj;v   ;2453820.70;20.21;     842
SN2006at;uvw2;2453805.15;17.43;     843
SN2006at;uvw2;2453807.99;17.87;     844
SN2006at;uvw2;2453809.47;18.15;     845
SN2006at;uvw2;2453810.13;18.30;     846
SN2006at;uvw2;2453811.14;18.38;     847
SN2006at;uvw2;2453812.27;19.26;     848
SN2006at;uvw2;2453816.27;20.48;     849
SN2006at;uvw2;2453817.90;20.59;     850
SN2006at;uvm2;2453805.16;17.19;     851
SN2006at;uvm2;2453808.00;17.80;     852
SN2006at;uvm2;2453809.47;18.05;     853
SN2006at;uvm2;2453810.14;18.18;     854
SN2006at;uvm2;2453811.15;18.29;     855
SN2006at;uvm2;2453816.27;19.75;     856
SN2006at;uvw1;2453805.13;16.95;     857
SN2006at;uvw1;2453808.00;17.56;     858
SN2006at;uvw1;2453809.48;17.77;     859
SN2006at;uvw1;2453810.14;18.00;     860
SN2006at;uvw1;2453811.15;18.05;     861
SN2006at;uvw1;2453816.27;19.23;     862
SN2006at;uvw1;2453817.90;19.80;     863
SN2006at;uvw1;2453823.06;20.12;     864
SN2006at;uvw1;2453827.24;20.73;     865
SN2006at;uvw1;2453837.13;20.93;     866
SN2006at;u   ;2453805.13;16.70;     867
SN2006at;u   ;2453809.48;17.02;     868
SN2006at;u   ;2453810.15;17.12;     869
SN2006at;u   ;2453811.15;17.17;     870
SN2006at;u   ;2453816.27;17.96;     871
SN2006at;u   ;2453817.91;18.17;     872
SN2006at;u   ;2453823.39;18.71;     873
SN2006at;u   ;2453826.88;19.06;     874
SN2006at;u   ;2453837.47;19.53;     875
SN2006at;u   ;2453851.26;19.63;     876
SN2006at;b   ;2453805.13;17.70;     877
SN2006at;b   ;2453809.48;17.73;     878
SN2006at;b   ;2453810.15;17.81;     879
SN2006at;b   ;2453811.15;17.89;     880
SN2006at;b   ;2453816.27;18.10;     881
SN2006at;b   ;2453817.91;18.30;     882
SN2006at;b   ;2453823.39;18.42;     883
SN2006at;b   ;2453826.88;18.72;     884
SN2006at;b   ;2453837.47;19.01;     885
SN2006at;b   ;2453851.27;18.87;     886
SN2006at;v   ;2453805.16;17.64;     887
SN2006at;v   ;2453808.00;17.77;     888
SN2006at;v   ;2453809.47;17.88;     889
SN2006at;v   ;2453810.14;18.08;     890
SN2006at;v   ;2453811.14;18.03;     891
SN2006at;v   ;2453812.28;18.07;     892
SN2006at;v   ;2453816.27;18.12;     893
SN2006at;v   ;2453817.90;18.10;     894
SN2006at;v   ;2453823.39;18.27;     895
SN2006at;v   ;2453826.87;18.14;     896
SN2006at;v   ;2453837.46;18.47;     897
SN2006at;v   ;2453851.26;18.35;     898
SN2006bc;uvw2;2453822.66;18.08;     899
SN2006bc;uvw2;2453824.33;18.69;     900
SN2006bc;uvw2;2453826.04;18.89;     901
SN2006bc;uvm2;2453822.50;17.97;     902
SN2006bc;uvm2;2453824.33;18.33;     903
SN2006bc;uvm2;2453826.04;18.90;     904
SN2006bc;uvw1;2453822.65;17.43;     905
SN2006bc;uvw1;2453824.33;17.69;     906
SN2006bc;uvw1;2453826.03;18.11;     907
SN2006bc;uvw1;2453828.01;18.36;     908
SN2006bc;uvw1;2453829.96;18.87;     909
SN2006bc;uvw1;2453835.98;19.39;     910
SN2006bc;uvw1;2453836.94;19.69;     911
SN2006bp;uvw2;2453836.08;14.48;     912
SN2006bp;uvw2;2453836.95;14.62;     913
SN2006bp;uvw2;2453838.05;14.94;     914
SN2006bp;uvw2;2453838.96;15.21;     915
SN2006bp;uvw2;2453840.97;15.78;     916
SN2006bp;uvw2;2453841.28;15.86;     917
SN2006bp;uvw2;2453842.87;16.24;     918
SN2006bp;uvw2;2453843.29;16.36;     919
SN2006bp;uvw2;2453846.13;17.01;     920
SN2006bp;uvw2;2453847.67;17.33;     921
SN2006bp;uvw2;2453849.61;17.73;     922
SN2006bp;uvw2;2453851.74;18.19;     923
SN2006bp;uvw2;2453853.71;18.79;     924
SN2006bp;uvw2;2453857.13;19.38;     925
SN2006bp;uvm2;2453836.09;14.74;     926
SN2006bp;uvm2;2453836.95;14.84;     927
SN2006bp;uvm2;2453838.05;14.93;     928
SN2006bp;uvm2;2453838.97;15.11;     929
SN2006bp;uvm2;2453840.97;15.50;     930
SN2006bp;uvm2;2453841.28;15.66;     931
SN2006bp;uvm2;2453842.88;16.05;     932
SN2006bp;uvm2;2453843.29;16.18;     933
SN2006bp;uvm2;2453846.14;16.87;     934
SN2006bp;uvm2;2453847.67;17.28;     935
SN2006bp;uvm2;2453849.61;17.99;     936
SN2006bp;uvm2;2453851.75;19.19;     937
SN2006bp;uvm2;2453853.68;19.72;     938
SN2006bp;uvm2;2453857.10;20.28;     939
SN2006bp;uvw1;2453836.10;14.64;     940
SN2006bp;uvw1;2453836.94;14.65;     941
SN2006bp;uvw1;2453838.05;14.73;     942
SN2006bp;uvw1;2453838.96;14.81;     943
SN2006bp;uvw1;2453840.97;15.07;     944
SN2006bp;uvw1;2453841.27;15.13;     945
SN2006bp;uvw1;2453842.87;15.37;     946
SN2006bp;uvw1;2453843.28;15.40;     947
SN2006bp;uvw1;2453846.12;15.88;     948
SN2006bp;uvw1;2453847.66;16.16;     949
SN2006bp;uvw1;2453849.60;16.60;     950
SN2006bp;uvw1;2453851.74;17.12;     951
SN2006bp;uvw1;2453853.70;17.57;     952
SN2006bp;uvw1;2453857.11;18.12;     953
SN2006bp;uvw1;2453859.81;18.30;     954
SN2006bp;uvw1;2453878.03;19.58;     955
SN2006bp;uvw1;2453886.00;19.65;     956
SN2006bp;u   ;2453836.11;14.64;     957
SN2006bp;u   ;2453836.95;14.58;     958
SN2006bp;u   ;2453838.05;14.53;     959
SN2006bp;u   ;2453838.96;14.56;     960
SN2006bp;u   ;2453840.97;14.58;     961
SN2006bp;u   ;2453841.27;14.61;     962
SN2006bp;u   ;2453842.87;14.66;     963
SN2006bp;u   ;2453843.28;14.69;     964
SN2006bp;u   ;2453846.12;14.90;     965
SN2006bp;u   ;2453847.66;15.03;     966
SN2006bp;u   ;2453849.60;15.21;     967
SN2006bp;u   ;2453851.74;15.51;     968
SN2006bp;u   ;2453853.70;15.88;     969
SN2006bp;u   ;2453856.93;16.31;     970
SN2006bp;u   ;2453859.81;16.67;     971
SN2006bp;u   ;2453865.55;17.42;     972
SN2006bp;u   ;2453878.03;17.98;     973
SN2006bp;u   ;2453886.00;18.35;     974
SN2006bp;b   ;2453836.08;15.77;     975
SN2006bp;b   ;2453836.95;15.61;     976
SN2006bp;b   ;2453838.05;15.56;     977
SN2006bp;b   ;2453838.96;15.50;     978
SN2006bp;b   ;2453840.97;15.42;     979
SN2006bp;b   ;2453841.27;15.52;     980
SN2006bp;b   ;2453842.87;15.44;     981
SN2006bp;b   ;2453843.28;15.43;     982
SN2006bp;b   ;2453846.13;15.54;     983
SN2006bp;b   ;2453847.66;15.59;     984
SN2006bp;b   ;2453849.60;15.66;     985
SN2006bp;b   ;2453851.74;15.68;     986
SN2006bp;b   ;2453853.71;15.81;     987
SN2006bp;b   ;2453856.94;15.92;     988
SN2006bp;b   ;2453859.81;16.01;     989
SN2006bp;b   ;2453878.03;16.62;     990
SN2006bp;b   ;2453886.00;16.78;     991
SN2006bp;v   ;2453836.09;15.71;     992
SN2006bp;v   ;2453836.95;15.52;     993
SN2006bp;v   ;2453838.05;15.33;     994
SN2006bp;v   ;2453838.96;15.26;     995
SN2006bp;v   ;2453840.97;15.22;     996
SN2006bp;v   ;2453841.28;15.20;     997
SN2006bp;v   ;2453842.87;15.18;     998
SN2006bp;v   ;2453843.29;15.24;     999
SN2006bp;v   ;2453846.13;15.21;    1000
SN2006bp;v   ;2453847.67;15.25;    1001
SN2006bp;v   ;2453849.61;15.30;    1002
SN2006bp;v   ;2453851.74;15.27;    1003
SN2006bp;v   ;2453853.67;15.30;    1004
SN2006bp;v   ;2453856.93;15.24;    1005
SN2006bp;v   ;2453859.81;15.28;    1006
SN2006bp;v   ;2453865.55;15.38;    1007
SN2006bp;v   ;2453878.03;15.49;    1008
SN2006bp;v   ;2453885.99;15.59;    1009
SN2006dd;uvw2;2453907.41;16.94;    1010
SN2006dd;uvw2;2453928.63;15.94;    1011
SN2006dd;uvw2;2453932.95;16.53;    1012
SN2006dd;uvw2;2453934.93;16.86;    1013
SN2006dd;uvw2;2453937.37;17.12;    1014
SN2006dd;uvw2;2453939.68;17.45;    1015
SN2006dd;uvw2;2453943.37;17.66;    1016
SN2006dd;uvw2;2453945.65;18.07;    1017
SN2006dd;uvw2;2453954.67;17.98;    1018
SN2006dd;uvw2;2453960.02;18.51;    1019
SN2006dd;uvw2;2453967.33;18.69;    1020
SN2006dd;uvw2;2453972.02;18.84;    1021
SN2006dd;uvw2;2453979.84;19.12;    1022
SN2006dd;uvw2;2453998.12;19.42;    1023
SN2006dd;uvw2;2454047.14;20.14;    1024
SN2006dd;uvw2;2454049.87;20.08;    1025
SN2006dd;uvw2;2454052.95;20.02;    1026
SN2006dd;uvw2;2454053.83;20.33;    1027
SN2006dd;uvw2;2454054.83;20.26;    1028
SN2006dd;uvw2;2454055.84;20.27;    1029
SN2006dd;uvw2;2454059.19;20.39;    1030
SN2006dd;uvw2;2454156.83;20.20;    1031
SN2006dd;uvw2;2454163.35;20.55;    1032
SN2006dd;uvm2;2453907.45;17.54;    1033
SN2006dd;uvm2;2453928.64;16.44;    1034
SN2006dd;uvm2;2453932.95;17.05;    1035
SN2006dd;uvm2;2453934.93;17.29;    1036
SN2006dd;uvm2;2453937.38;17.75;    1037
SN2006dd;uvm2;2453939.69;17.99;    1038
SN2006dd;uvm2;2453943.37;18.19;    1039
SN2006dd;uvm2;2453967.34;19.29;    1040
SN2006dd;uvm2;2453972.02;19.12;    1041
SN2006dd;uvm2;2453979.84;19.24;    1042
SN2006dd;uvm2;2453998.12;20.18;    1043
SN2006dd;uvm2;2454047.15;19.10;    1044
SN2006dd;uvm2;2454049.20;20.32;    1045
SN2006dd;uvm2;2454049.88;19.81;    1046
SN2006dd;uvm2;2454052.96;19.87;    1047
SN2006dd;uvm2;2454053.84;20.06;    1048
SN2006dd;uvm2;2454054.83;19.94;    1049
SN2006dd;uvm2;2454156.83;19.95;    1050
SN2006dd;uvm2;2454163.36;20.40;    1051
SN2006dd;uvw1;2453907.40;15.40;    1052
SN2006dd;uvw1;2453928.63;14.58;    1053
SN2006dd;uvw1;2453931.00;14.92;    1054
SN2006dd;uvw1;2453932.94;15.22;    1055
SN2006dd;uvw1;2453934.92;15.54;    1056
SN2006dd;uvw1;2453937.37;15.91;    1057
SN2006dd;uvw1;2453939.68;16.12;    1058
SN2006dd;uvw1;2453943.37;16.59;    1059
SN2006dd;uvw1;2453945.68;16.67;    1060
SN2006dd;uvw1;2453954.80;17.37;    1061
SN2006dd;uvw1;2453960.02;17.42;    1062
SN2006dd;uvw1;2453967.33;17.61;    1063
SN2006dd;uvw1;2453972.01;17.71;    1064
SN2006dd;uvw1;2453979.83;17.91;    1065
SN2006dd;uvw1;2453998.12;18.45;    1066
SN2006dd;uvw1;2454026.00;19.02;    1067
SN2006dd;uvw1;2454047.13;19.15;    1068
SN2006dd;uvw1;2454049.08;19.15;    1069
SN2006dd;uvw1;2454049.87;19.16;    1070
SN2006dd;uvw1;2454052.95;19.01;    1071
SN2006dd;uvw1;2454053.83;19.32;    1072
SN2006dd;uvw1;2454054.83;19.27;    1073
SN2006dd;uvw1;2454055.84;19.29;    1074
SN2006dd;uvw1;2454059.19;19.48;    1075
SN2006dd;uvw1;2454063.69;19.50;    1076
SN2006dd;uvw1;2454084.15;19.51;    1077
SN2006dd;uvw1;2454085.82;19.51;    1078
SN2006dd;uvw1;2454120.99;19.53;    1079
SN2006dd;uvw1;2454156.82;19.21;    1080
SN2006dd;uvw1;2454163.35;19.50;    1081
SN2006dm;uvw2;2453922.16;19.72;    1082
SN2006dm;uvw2;2453922.69;19.40;    1083
SN2006dm;uvw2;2453923.74;19.18;    1084
SN2006dm;uvw2;2453924.90;18.85;    1085
SN2006dm;uvw2;2453927.20;19.12;    1086
SN2006dm;uvm2;2453922.17;20.39;    1087
SN2006dm;uvm2;2453922.69;20.35;    1088
SN2006dm;uvm2;2453923.74;20.01;    1089
SN2006dm;uvm2;2453924.90;19.16;    1090
SN2006dm;uvm2;2453927.20;19.92;    1091
SN2006dm;uvw1;2453922.14;18.12;    1092
SN2006dm;uvw1;2453922.68;17.93;    1093
SN2006dm;uvw1;2453923.74;17.83;    1094
SN2006dm;uvw1;2453924.90;17.96;    1095
SN2006dm;uvw1;2453927.20;17.63;    1096
SN2006dm;uvw1;2453928.29;17.63;    1097
SN2006dm;uvw1;2453929.15;17.81;    1098
SN2006dm;uvw1;2453930.44;17.81;    1099
SN2006dm;uvw1;2453934.15;18.33;    1100
SN2006dm;uvw1;2453938.96;18.97;    1101
SN2006dm;uvw1;2453942.04;19.35;    1102
SN2006dm;uvw1;2453950.19;20.39;    1103
SN2006dm;uvw1;2453957.01;20.68;    1104
SN2006dm;uvw1;2453962.19;20.60;    1105
SN2006dm;uvw1;2453968.22;20.79;    1106
SN2006dm;uvw1;2453972.90;20.16;    1107
SN2006dm;uvw1;2453981.84;20.88;    1108
SN2006dm;u   ;2453922.15;16.39;    1109
SN2006dm;u   ;2453922.69;16.27;    1110
SN2006dm;u   ;2453923.74;16.14;    1111
SN2006dm;u   ;2453924.90;16.00;    1112
SN2006dm;u   ;2453927.20;16.00;    1113
SN2006dm;u   ;2453928.29;16.02;    1114
SN2006dm;u   ;2453929.15;16.05;    1115
SN2006dm;u   ;2453930.43;16.16;    1116
SN2006dm;u   ;2453934.15;16.70;    1117
SN2006dm;u   ;2453938.95;17.42;    1118
SN2006dm;u   ;2453942.03;17.89;    1119
SN2006dm;u   ;2453950.18;18.96;    1120
SN2006dm;u   ;2453957.00;19.44;    1121
SN2006dm;u   ;2453962.19;19.65;    1122
SN2006dm;u   ;2453968.22;19.90;    1123
SN2006dm;u   ;2453972.90;19.93;    1124
SN2006dm;u   ;2453982.87;20.13;    1125
SN2006dm;b   ;2453922.15;16.79;    1126
SN2006dm;b   ;2453922.69;16.68;    1127
SN2006dm;b   ;2453923.74;16.54;    1128
SN2006dm;b   ;2453924.90;16.33;    1129
SN2006dm;b   ;2453927.20;16.24;    1130
SN2006dm;b   ;2453928.29;16.17;    1131
SN2006dm;b   ;2453929.15;16.17;    1132
SN2006dm;b   ;2453930.43;16.20;    1133
SN2006dm;b   ;2453934.15;16.45;    1134
SN2006dm;b   ;2453938.95;16.95;    1135
SN2006dm;b   ;2453942.04;17.30;    1136
SN2006dm;b   ;2453950.18;18.32;    1137
SN2006dm;b   ;2453957.01;18.86;    1138
SN2006dm;b   ;2453962.19;19.36;    1139
SN2006dm;b   ;2453968.66;19.28;    1140
SN2006dm;b   ;2453972.90;19.35;    1141
SN2006dm;b   ;2453982.11;19.64;    1142
SN2006dm;v   ;2453922.16;16.71;    1143
SN2006dm;v   ;2453922.69;16.66;    1144
SN2006dm;v   ;2453923.74;16.62;    1145
SN2006dm;v   ;2453924.90;16.52;    1146
SN2006dm;v   ;2453927.20;16.22;    1147
SN2006dm;v   ;2453928.29;16.14;    1148
SN2006dm;v   ;2453929.14;16.15;    1149
SN2006dm;v   ;2453930.43;16.12;    1150
SN2006dm;v   ;2453934.15;16.22;    1151
SN2006dm;v   ;2453938.95;16.50;    1152
SN2006dm;v   ;2453942.03;16.72;    1153
SN2006dm;v   ;2453950.18;17.27;    1154
SN2006dm;v   ;2453957.00;17.87;    1155
SN2006dm;v   ;2453962.19;18.19;    1156
SN2006dm;v   ;2453968.22;18.40;    1157
SN2006dm;v   ;2453972.90;18.56;    1158
SN2006dm;v   ;2453982.10;18.74;    1159
SN2006ej;uvw2;2453972.45;18.17;    1160
SN2006ej;uvw2;2453976.15;18.32;    1161
SN2006ej;uvw2;2453976.95;18.38;    1162
SN2006ej;uvw2;2453979.29;18.49;    1163
SN2006ej;uvw2;2453981.20;18.90;    1164
SN2006ej;uvw2;2453983.22;19.23;    1165
SN2006ej;uvw2;2453985.15;19.58;    1166
SN2006ej;uvw2;2453989.95;20.00;    1167
SN2006ej;uvw2;2454000.33;20.56;    1168
SN2006ej;uvm2;2453972.46;18.33;    1169
SN2006ej;uvm2;2453976.16;18.63;    1170
SN2006ej;uvm2;2453976.95;18.63;    1171
SN2006ej;uvm2;2453979.30;18.93;    1172
SN2006ej;uvm2;2453981.21;19.44;    1173
SN2006ej;uvm2;2453989.95;19.92;    1174
SN2006ej;uvm2;2454000.33;20.80;    1175
SN2006ej;uvw1;2453972.44;17.00;    1176
SN2006ej;uvw1;2453976.15;17.13;    1177
SN2006ej;uvw1;2453976.95;17.21;    1178
SN2006ej;uvw1;2453979.29;17.41;    1179
SN2006ej;uvw1;2453981.23;17.69;    1180
SN2006ej;uvw1;2453983.21;17.92;    1181
SN2006ej;uvw1;2453985.15;18.21;    1182
SN2006ej;uvw1;2453989.94;18.69;    1183
SN2006ej;uvw1;2453991.73;19.12;    1184
SN2006ej;uvw1;2453994.87;19.21;    1185
SN2006ej;uvw1;2454000.32;19.95;    1186
SN2006ej;uvw1;2454016.32;18.85;    1187
SN2006ej;uvw1;2454019.93;20.91;    1188
SN2006ej;uvw1;2454024.43;21.24;    1189
SN2006ej;u   ;2453972.44;15.52;    1190
SN2006ej;u   ;2453976.15;15.62;    1191
SN2006ej;u   ;2453976.95;15.67;    1192
SN2006ej;u   ;2453979.29;15.91;    1193
SN2006ej;u   ;2453981.23;16.15;    1194
SN2006ej;u   ;2453983.21;16.46;    1195
SN2006ej;u   ;2453985.15;16.69;    1196
SN2006ej;u   ;2453989.94;17.52;    1197
SN2006ej;u   ;2453991.73;17.69;    1198
SN2006ej;u   ;2453994.87;18.01;    1199
SN2006ej;u   ;2454000.32;18.72;    1200
SN2006ej;u   ;2454003.88;18.95;    1201
SN2006ej;u   ;2454016.65;19.92;    1202
SN2006ej;u   ;2454019.93;19.54;    1203
SN2006ej;b   ;2453972.45;16.10;    1204
SN2006ej;b   ;2453976.15;15.92;    1205
SN2006ej;b   ;2453976.95;15.94;    1206
SN2006ej;b   ;2453979.29;16.02;    1207
SN2006ej;b   ;2453981.20;16.12;    1208
SN2006ej;b   ;2453983.21;16.25;    1209
SN2006ej;b   ;2453985.15;16.49;    1210
SN2006ej;b   ;2453989.94;17.13;    1211
SN2006ej;b   ;2453991.73;17.39;    1212
SN2006ej;b   ;2453994.87;17.72;    1213
SN2006ej;b   ;2454000.32;18.27;    1214
SN2006ej;b   ;2454003.88;18.75;    1215
SN2006ej;b   ;2454016.32;19.10;    1216
SN2006ej;b   ;2454019.93;19.38;    1217
SN2006ej;b   ;2454023.23;19.33;    1218
SN2006ej;v   ;2453972.45;16.04;    1219
SN2006ej;v   ;2453976.15;15.91;    1220
SN2006ej;v   ;2453976.95;15.83;    1221
SN2006ej;v   ;2453979.30;15.88;    1222
SN2006ej;v   ;2453981.20;15.94;    1223
SN2006ej;v   ;2453989.95;16.48;    1224
SN2006ej;v   ;2453991.73;16.49;    1225
SN2006ej;v   ;2453994.86;16.66;    1226
SN2006ej;v   ;2454000.33;17.15;    1227
SN2006ej;v   ;2454003.87;17.42;    1228
SN2006ej;v   ;2454016.65;17.86;    1229
SN2006ej;v   ;2454019.93;17.94;    1230
SN2006ej;v   ;2454023.22;18.20;    1231
SN2006jc;uvw2;2454022.22;13.28;    1232
SN2006jc;uvw2;2454025.56;13.77;    1233
SN2006jc;uvw2;2454027.67;14.03;    1234
SN2006jc;uvw2;2454031.02;14.40;    1235
SN2006jc;uvw2;2454031.86;14.67;    1236
SN2006jc;uvw2;2454033.56;14.78;    1237
SN2006jc;uvw2;2454040.74;15.55;    1238
SN2006jc;uvw2;2454043.69;15.70;    1239
SN2006jc;uvw2;2454044.83;15.84;    1240
SN2006jc;uvw2;2454048.59;16.10;    1241
SN2006jc;uvw2;2454053.32;16.38;    1242
SN2006jc;uvw2;2454057.14;16.49;    1243
SN2006jc;uvw2;2454061.03;16.59;    1244
SN2006jc;uvw2;2454064.07;16.73;    1245
SN2006jc;uvw2;2454067.54;16.79;    1246
SN2006jc;uvw2;2454071.55;16.97;    1247
SN2006jc;uvw2;2454080.13;17.58;    1248
SN2006jc;uvw2;2454085.65;18.04;    1249
SN2006jc;uvw2;2454089.92;18.31;    1250
SN2006jc;uvw2;2454094.04;18.81;    1251
SN2006jc;uvw2;2454097.80;18.83;    1252
SN2006jc;uvw2;2454102.05;19.31;    1253
SN2006jc;uvw2;2454107.07;19.76;    1254
SN2006jc;uvw2;2454116.19;19.82;    1255
SN2006jc;uvw2;2454122.36;20.42;    1256
SN2006jc;uvw2;2454127.19;20.69;    1257
SN2006jc;uvw2;2454129.81;20.44;    1258
SN2006jc;uvw2;2454131.97;20.30;    1259
SN2006jc;uvw2;2454132.55;20.33;    1260
SN2006jc;uvw2;2454134.90;20.18;    1261
SN2006jc;uvw2;2454136.94;20.22;    1262
SN2006jc;uvw2;2454139.98;20.62;    1263
SN2006jc;uvw2;2454144.76;20.77;    1264
SN2006jc;uvw2;2454147.24;20.80;    1265
SN2006jc;uvw2;2454150.22;20.82;    1266
SN2006jc;uvw2;2454154.21;20.71;    1267
SN2006jc;uvm2;2454022.23;13.14;    1268
SN2006jc;uvm2;2454025.57;13.59;    1269
SN2006jc;uvm2;2454027.68;13.83;    1270
SN2006jc;uvm2;2454031.03;14.16;    1271
SN2006jc;uvm2;2454033.57;14.59;    1272
SN2006jc;uvm2;2454040.74;15.31;    1273
SN2006jc;uvm2;2454044.83;15.60;    1274
SN2006jc;uvm2;2454048.59;15.79;    1275
SN2006jc;uvm2;2454053.32;16.19;    1276
SN2006jc;uvm2;2454057.14;16.26;    1277
SN2006jc;uvm2;2454061.03;16.49;    1278
SN2006jc;uvm2;2454064.07;16.49;    1279
SN2006jc;uvm2;2454067.54;16.64;    1280
SN2006jc;uvm2;2454071.56;16.74;    1281
SN2006jc;uvm2;2454080.14;17.52;    1282
SN2006jc;uvm2;2454085.65;18.05;    1283
SN2006jc;uvm2;2454089.92;18.24;    1284
SN2006jc;uvm2;2454094.04;18.66;    1285
SN2006jc;uvm2;2454097.80;18.94;    1286
SN2006jc;uvm2;2454102.06;19.10;    1287
SN2006jc;uvm2;2454107.07;19.51;    1288
SN2006jc;uvm2;2454116.19;20.13;    1289
SN2006jc;uvm2;2454122.37;20.45;    1290
SN2006jc;uvm2;2454127.19;20.30;    1291
SN2006jc;uvm2;2454129.81;20.49;    1292
SN2006jc;uvm2;2454131.97;19.53;    1293
SN2006jc;uvm2;2454132.56;19.99;    1294
SN2006jc;uvm2;2454134.67;18.73;    1295
SN2006jc;uvm2;2454136.94;20.14;    1296
SN2006jc;uvm2;2454139.99;20.20;    1297
SN2006jc;uvm2;2454144.77;20.28;    1298
SN2006jc;uvm2;2454147.24;20.43;    1299
SN2006jc;uvm2;2454150.23;20.47;    1300
SN2006jc;uvm2;2454154.21;20.38;    1301
SN2006jc;uvw1;2454022.24;13.09;    1302
SN2006jc;uvw1;2454025.56;13.42;    1303
SN2006jc;uvw1;2454027.66;13.58;    1304
SN2006jc;uvw1;2454028.97;13.80;    1305
SN2006jc;uvw1;2454031.02;13.91;    1306
SN2006jc;uvw1;2454033.55;14.29;    1307
SN2006jc;uvw1;2454040.74;15.09;    1308
SN2006jc;uvw1;2454043.55;15.28;    1309
SN2006jc;uvw1;2454044.83;15.30;    1310
SN2006jc;uvw1;2454048.59;15.46;    1311
SN2006jc;uvw1;2454053.32;15.85;    1312
SN2006jc;uvw1;2454057.14;16.05;    1313
SN2006jc;uvw1;2454059.09;16.09;    1314
SN2006jc;uvw1;2454061.03;16.14;    1315
SN2006jc;uvw1;2454064.07;16.28;    1316
SN2006jc;uvw1;2454067.53;16.51;    1317
SN2006jc;uvw1;2454071.55;16.62;    1318
SN2006jc;uvw1;2454080.13;17.24;    1319
SN2006jc;uvw1;2454085.64;18.02;    1320
SN2006jc;uvw1;2454089.92;18.53;    1321
SN2006jc;uvw1;2454094.05;18.78;    1322
SN2006jc;uvw1;2454097.81;19.09;    1323
SN2006jc;uvw1;2454102.05;19.64;    1324
SN2006jc;uvw1;2454107.07;19.81;    1325
SN2006jc;uvw1;2454116.19;20.40;    1326
SN2006jc;uvw1;2454122.38;20.71;    1327
SN2006jc;uvw1;2454127.19;20.51;    1328
SN2006jc;uvw1;2454129.80;20.73;    1329
SN2006jc;uvw1;2454131.97;20.11;    1330
SN2006jc;uvw1;2454132.55;20.05;    1331
SN2006jc;uvw1;2454134.90;20.06;    1332
SN2006jc;uvw1;2454136.94;20.46;    1333
SN2006jc;uvw1;2454139.98;20.50;    1334
SN2006jc;uvw1;2454144.76;20.62;    1335
SN2006jc;uvw1;2454147.23;20.69;    1336
SN2006jc;uvw1;2454150.21;20.69;    1337
SN2006jc;uvw1;2454154.20;20.65;    1338
SN2006jc;u   ;2454022.25;13.03;    1339
SN2006jc;u   ;2454025.56;13.27;    1340
SN2006jc;u   ;2454027.67;13.40;    1341
SN2006jc;u   ;2454031.02;13.68;    1342
SN2006jc;u   ;2454033.56;14.03;    1343
SN2006jc;u   ;2454040.74;14.75;    1344
SN2006jc;u   ;2454044.83;15.10;    1345
SN2006jc;u   ;2454048.59;15.37;    1346
SN2006jc;u   ;2454053.32;15.60;    1347
SN2006jc;u   ;2454057.14;15.76;    1348
SN2006jc;u   ;2454061.03;15.92;    1349
SN2006jc;u   ;2454064.07;16.15;    1350
SN2006jc;u   ;2454067.54;16.25;    1351
SN2006jc;u   ;2454071.55;16.49;    1352
SN2006jc;u   ;2454080.13;17.39;    1353
SN2006jc;u   ;2454085.65;18.23;    1354
SN2006jc;u   ;2454089.92;18.82;    1355
SN2006jc;u   ;2454094.05;19.40;    1356
SN2006jc;u   ;2454097.81;19.48;    1357
SN2006jc;u   ;2454102.05;20.06;    1358
SN2006jc;u   ;2454107.07;20.28;    1359
SN2006jc;u   ;2454116.19;20.21;    1360
SN2006jc;u   ;2454127.19;20.38;    1361
SN2006jc;u   ;2454129.80;20.51;    1362
SN2006jc;u   ;2454131.97;19.96;    1363
SN2006jc;u   ;2454132.55;19.99;    1364
SN2006jc;u   ;2454134.90;19.82;    1365
SN2006jc;u   ;2454136.94;20.33;    1366
SN2006jc;u   ;2454139.98;20.33;    1367
SN2006jc;u   ;2454144.76;20.46;    1368
SN2006jc;u   ;2454147.24;20.49;    1369
SN2006jc;u   ;2454150.21;20.47;    1370
SN2006jc;u   ;2454154.20;20.49;    1371
SN2006jc;b   ;2454022.25;14.18;    1372
SN2006jc;b   ;2454025.56;14.39;    1373
SN2006jc;b   ;2454027.67;14.52;    1374
SN2006jc;b   ;2454031.02;14.79;    1375
SN2006jc;b   ;2454033.56;15.07;    1376
SN2006jc;b   ;2454040.74;15.74;    1377
SN2006jc;b   ;2454044.83;16.05;    1378
SN2006jc;b   ;2454048.59;16.39;    1379
SN2006jc;b   ;2454053.32;16.55;    1380
SN2006jc;b   ;2454057.14;16.71;    1381
SN2006jc;b   ;2454061.03;16.95;    1382
SN2006jc;b   ;2454064.07;17.13;    1383
SN2006jc;b   ;2454067.54;17.27;    1384
SN2006jc;b   ;2454071.55;17.51;    1385
SN2006jc;b   ;2454080.13;18.65;    1386
SN2006jc;b   ;2454085.65;19.43;    1387
SN2006jc;b   ;2454089.92;19.69;    1388
SN2006jc;b   ;2454094.05;20.75;    1389
SN2006jc;b   ;2454097.81;20.56;    1390
SN2006jc;b   ;2454102.05;20.51;    1391
SN2006jc;b   ;2454107.07;20.63;    1392
SN2006jc;b   ;2454116.19;20.65;    1393
SN2006jc;b   ;2454127.19;20.71;    1394
SN2006jc;b   ;2454129.80;20.85;    1395
SN2006jc;b   ;2454131.97;20.35;    1396
SN2006jc;b   ;2454132.55;20.35;    1397
SN2006jc;b   ;2454134.90;20.28;    1398
SN2006jc;b   ;2454136.94;20.69;    1399
SN2006jc;b   ;2454139.98;20.62;    1400
SN2006jc;b   ;2454144.76;20.80;    1401
SN2006jc;b   ;2454147.24;20.83;    1402
SN2006jc;b   ;2454150.21;20.80;    1403
SN2006jc;b   ;2454154.20;20.82;    1404
SN2006jc;v   ;2454022.22;14.42;    1405
SN2006jc;v   ;2454025.56;14.63;    1406
SN2006jc;v   ;2454027.68;14.80;    1407
SN2006jc;v   ;2454031.03;15.11;    1408
SN2006jc;v   ;2454033.57;15.38;    1409
SN2006jc;v   ;2454040.74;16.06;    1410
SN2006jc;v   ;2454044.83;16.32;    1411
SN2006jc;v   ;2454048.59;16.59;    1412
SN2006jc;v   ;2454053.32;16.87;    1413
SN2006jc;v   ;2454057.14;17.01;    1414
SN2006jc;v   ;2454061.03;17.14;    1415
SN2006jc;v   ;2454064.07;17.28;    1416
SN2006jc;v   ;2454067.54;17.42;    1417
SN2006jc;v   ;2454071.55;17.63;    1418
SN2006jc;v   ;2454080.14;18.37;    1419
SN2006jc;v   ;2454085.65;19.16;    1420
SN2006jc;v   ;2454089.92;19.61;    1421
SN2006jc;v   ;2454094.04;20.13;    1422
SN2006jc;v   ;2454097.80;20.02;    1423
SN2006jc;v   ;2454102.06;19.67;    1424
SN2006jc;v   ;2454107.07;19.86;    1425
SN2006jc;v   ;2454116.19;19.82;    1426
SN2006jc;v   ;2454127.19;19.94;    1427
SN2006jc;v   ;2454129.81;20.08;    1428
SN2006jc;v   ;2454131.97;19.48;    1429
SN2006jc;v   ;2454132.56;19.58;    1430
SN2006jc;v   ;2454134.90;19.39;    1431
SN2006jc;v   ;2454136.94;19.77;    1432
SN2006jc;v   ;2454139.99;19.83;    1433
SN2006jc;v   ;2454144.76;20.03;    1434
SN2006jc;v   ;2454147.24;20.08;    1435
SN2006jc;v   ;2454150.22;20.04;    1436
SN2006jc;v   ;2454154.21;19.98;    1437
SN2006mr;uvw2;2454047.14;19.09;    1438
SN2006mr;uvw2;2454049.87;18.78;    1439
SN2006mr;uvw2;2454052.95;19.14;    1440
SN2006mr;uvw2;2454053.83;19.39;    1441
SN2006mr;uvw2;2454054.83;19.90;    1442
SN2006mr;uvw2;2454055.84;19.87;    1443
SN2006mr;uvw2;2454059.19;20.18;    1444
SN2006mr;uvw2;2454156.83;20.00;    1445
SN2006mr;uvw2;2454163.35;20.30;    1446
SN2006mr;uvm2;2454047.15;19.00;    1447
SN2006mr;uvm2;2454049.20;19.83;    1448
SN2006mr;uvm2;2454049.88;19.20;    1449
SN2006mr;uvm2;2454052.96;19.47;    1450
SN2006mr;uvm2;2454053.84;19.83;    1451
SN2006mr;uvm2;2454054.83;19.77;    1452
SN2006mr;uvm2;2454156.83;19.71;    1453
SN2006mr;uvm2;2454163.36;20.19;    1454
SN2006mr;uvw1;2454047.13;17.90;    1455
SN2006mr;uvw1;2454049.08;17.84;    1456
SN2006mr;uvw1;2454049.87;17.46;    1457
SN2006mr;uvw1;2454052.95;18.32;    1458
SN2006mr;uvw1;2454053.83;18.12;    1459
SN2006mr;uvw1;2454054.83;18.81;    1460
SN2006mr;uvw1;2454055.84;19.09;    1461
SN2006mr;uvw1;2454059.19;19.22;    1462
SN2006mr;uvw1;2454063.69;19.27;    1463
SN2006mr;uvw1;2454084.15;19.28;    1464
SN2006mr;uvw1;2454085.82;19.11;    1465
SN2006mr;uvw1;2454120.99;19.36;    1466
SN2006mr;uvw1;2454156.82;19.06;    1467
SN2006mr;uvw1;2454163.35;19.34;    1468
SN2007S ;uvw2;2454137.17;19.48;    1469
SN2007S ;uvw2;2454137.34;19.46;    1470
SN2007S ;uvw2;2454137.88;19.20;    1471
SN2007S ;uvw2;2454139.13;19.47;    1472
SN2007S ;uvw2;2454141.58;19.23;    1473
SN2007S ;uvw2;2454145.19;18.96;    1474
SN2007S ;uvw2;2454145.74;19.59;    1475
SN2007S ;uvw2;2454151.34;19.87;    1476
SN2007S ;uvw2;2454157.01;19.70;    1477
SN2007S ;uvw2;2454159.22;19.64;    1478
SN2007S ;uvw2;2454205.01;19.96;    1479
SN2007S ;uvm2;2454137.15;19.44;    1480
SN2007S ;uvm2;2454137.35;19.45;    1481
SN2007S ;uvm2;2454137.82;19.24;    1482
SN2007S ;uvm2;2454139.14;19.37;    1483
SN2007S ;uvm2;2454147.10;19.69;    1484
SN2007S ;uvm2;2454151.34;19.73;    1485
SN2007S ;uvm2;2454205.01;19.78;    1486
SN2007S ;uvw1;2454137.16;18.06;    1487
SN2007S ;uvw1;2454137.32;17.98;    1488
SN2007S ;uvw1;2454137.88;18.14;    1489
SN2007S ;uvw1;2454139.13;17.85;    1490
SN2007S ;uvw1;2454140.61;17.81;    1491
SN2007S ;uvw1;2454141.58;17.70;    1492
SN2007S ;uvw1;2454142.59;17.79;    1493
SN2007S ;uvw1;2454143.59;18.04;    1494
SN2007S ;uvw1;2454145.19;18.05;    1495
SN2007S ;uvw1;2454145.74;18.05;    1496
SN2007S ;uvw1;2454147.11;18.10;    1497
SN2007S ;uvw1;2454147.98;18.21;    1498
SN2007S ;uvw1;2454149.28;18.31;    1499
SN2007S ;uvw1;2454150.17;18.31;    1500
SN2007S ;uvw1;2454151.33;18.76;    1501
SN2007S ;uvw1;2454151.97;18.57;    1502
SN2007S ;uvw1;2454152.90;18.70;    1503
SN2007S ;uvw1;2454153.80;18.87;    1504
SN2007S ;uvw1;2454155.42;18.58;    1505
SN2007S ;uvw1;2454159.22;19.21;    1506
SN2007S ;uvw1;2454164.39;19.71;    1507
SN2007S ;uvw1;2454165.80;19.67;    1508
SN2007S ;uvw1;2454168.80;19.57;    1509
SN2007S ;uvw1;2454172.72;19.78;    1510
SN2007S ;uvw1;2454177.30;19.76;    1511
SN2007S ;uvw1;2454178.45;19.50;    1512
SN2007S ;uvw1;2454181.39;19.79;    1513
SN2007S ;uvw1;2454185.67;19.80;    1514
SN2007S ;uvw1;2454192.93;19.80;    1515
SN2007S ;uvw1;2454205.01;19.77;    1516
SN2007S ;u   ;2454137.16;16.09;    1517
SN2007S ;u   ;2454137.33;16.14;    1518
SN2007S ;u   ;2454137.88;16.15;    1519
SN2007S ;u   ;2454139.13;15.99;    1520
SN2007S ;u   ;2454140.64;15.92;    1521
SN2007S ;u   ;2454142.58;15.83;    1522
SN2007S ;u   ;2454143.59;15.92;    1523
SN2007S ;u   ;2454145.19;15.97;    1524
SN2007S ;u   ;2454145.75;16.05;    1525
SN2007S ;u   ;2454147.98;16.25;    1526
SN2007S ;u   ;2454149.27;16.34;    1527
SN2007S ;u   ;2454150.16;16.38;    1528
SN2007S ;u   ;2454151.33;16.51;    1529
SN2007S ;u   ;2454151.97;16.59;    1530
SN2007S ;u   ;2454152.90;16.65;    1531
SN2007S ;u   ;2454153.80;16.73;    1532
SN2007S ;u   ;2454155.42;16.93;    1533
SN2007S ;u   ;2454159.22;17.48;    1534
SN2007S ;u   ;2454164.38;18.17;    1535
SN2007S ;u   ;2454165.80;18.03;    1536
SN2007S ;u   ;2454168.80;18.32;    1537
SN2007S ;u   ;2454172.73;18.67;    1538
SN2007S ;u   ;2454181.43;19.05;    1539
SN2007S ;u   ;2454185.68;19.03;    1540
SN2007S ;u   ;2454193.03;19.35;    1541
SN2007S ;b   ;2454137.16;16.29;    1542
SN2007S ;b   ;2454137.33;16.23;    1543
SN2007S ;b   ;2454137.88;16.23;    1544
SN2007S ;b   ;2454139.13;16.13;    1545
SN2007S ;b   ;2454140.61;16.02;    1546
SN2007S ;b   ;2454142.58;15.94;    1547
SN2007S ;b   ;2454143.59;15.87;    1548
SN2007S ;b   ;2454145.19;16.02;    1549
SN2007S ;b   ;2454145.75;15.97;    1550
SN2007S ;b   ;2454147.98;16.02;    1551
SN2007S ;b   ;2454149.28;16.01;    1552
SN2007S ;b   ;2454150.16;16.11;    1553
SN2007S ;b   ;2454151.33;16.18;    1554
SN2007S ;b   ;2454151.97;16.16;    1555
SN2007S ;b   ;2454152.90;16.26;    1556
SN2007S ;b   ;2454153.80;16.29;    1557
SN2007S ;b   ;2454155.42;16.42;    1558
SN2007S ;b   ;2454159.22;16.84;    1559
SN2007S ;b   ;2454164.39;17.29;    1560
SN2007S ;b   ;2454165.80;17.41;    1561
SN2007S ;b   ;2454168.80;17.65;    1562
SN2007S ;b   ;2454172.73;17.98;    1563
SN2007S ;b   ;2454177.30;18.48;    1564
SN2007S ;b   ;2454178.45;18.76;    1565
SN2007S ;b   ;2454181.43;18.53;    1566
SN2007S ;b   ;2454185.17;18.63;    1567
SN2007S ;b   ;2454193.03;18.81;    1568
SN2007S ;v   ;2454137.14;15.95;    1569
SN2007S ;v   ;2454137.34;15.91;    1570
SN2007S ;v   ;2454137.88;15.91;    1571
SN2007S ;v   ;2454139.14;15.87;    1572
SN2007S ;v   ;2454140.64;15.65;    1573
SN2007S ;v   ;2454142.58;15.57;    1574
SN2007S ;v   ;2454143.58;15.52;    1575
SN2007S ;v   ;2454145.19;15.60;    1576
SN2007S ;v   ;2454145.74;15.52;    1577
SN2007S ;v   ;2454147.10;15.52;    1578
SN2007S ;v   ;2454147.97;15.53;    1579
SN2007S ;v   ;2454149.27;15.56;    1580
SN2007S ;v   ;2454150.16;15.56;    1581
SN2007S ;v   ;2454151.34;15.63;    1582
SN2007S ;v   ;2454151.97;15.58;    1583
SN2007S ;v   ;2454152.90;15.67;    1584
SN2007S ;v   ;2454153.80;15.68;    1585
SN2007S ;v   ;2454155.42;15.78;    1586
SN2007S ;v   ;2454159.22;16.09;    1587
SN2007S ;v   ;2454164.38;16.33;    1588
SN2007S ;v   ;2454165.80;16.39;    1589
SN2007S ;v   ;2454168.80;16.57;    1590
SN2007S ;v   ;2454172.73;16.68;    1591
SN2007S ;v   ;2454177.31;16.92;    1592
SN2007S ;v   ;2454181.43;17.12;    1593
SN2007S ;v   ;2454185.18;17.46;    1594
SN2007S ;v   ;2454192.70;17.63;    1595
SN2007Y ;uvw2;2454152.48;20.47;    1596
SN2007Y ;uvw2;2454153.59;19.96;    1597
SN2007Y ;uvw2;2454154.72;19.63;    1598
SN2007Y ;uvw2;2454155.83;19.24;    1599
SN2007Y ;uvw2;2454158.20;18.66;    1600
SN2007Y ;uvw2;2454161.64;18.34;    1601
SN2007Y ;uvw2;2454162.63;18.43;    1602
SN2007Y ;uvw2;2454164.39;18.62;    1603
SN2007Y ;uvw2;2454165.97;18.87;    1604
SN2007Y ;uvw2;2454168.44;19.39;    1605
SN2007Y ;uvw2;2454169.62;19.67;    1606
SN2007Y ;uvw2;2454172.17;20.08;    1607
SN2007Y ;uvw2;2454173.56;20.63;    1608
SN2007Y ;uvw2;2454176.08;20.75;    1609
SN2007Y ;uvw2;2454179.92;20.96;    1610
SN2007Y ;uvw2;2454181.86;20.91;    1611
SN2007Y ;uvw2;2454183.87;20.84;    1612
SN2007Y ;uvw2;2454185.75;20.89;    1613
SN2007Y ;uvm2;2454152.49;20.73;    1614
SN2007Y ;uvm2;2454153.59;19.91;    1615
SN2007Y ;uvm2;2454154.72;20.42;    1616
SN2007Y ;uvm2;2454155.83;20.38;    1617
SN2007Y ;uvm2;2454158.20;19.92;    1618
SN2007Y ;uvm2;2454161.64;19.45;    1619
SN2007Y ;uvm2;2454162.63;19.39;    1620
SN2007Y ;uvm2;2454164.39;19.65;    1621
SN2007Y ;uvm2;2454165.97;19.80;    1622
SN2007Y ;uvm2;2454168.45;20.00;    1623
SN2007Y ;uvm2;2454169.62;20.16;    1624
SN2007Y ;uvm2;2454172.17;20.01;    1625
SN2007Y ;uvm2;2454173.56;20.09;    1626
SN2007Y ;uvm2;2454176.08;20.31;    1627
SN2007Y ;uvw1;2454152.48;19.31;    1628
SN2007Y ;uvw1;2454153.58;19.16;    1629
SN2007Y ;uvw1;2454154.71;18.15;    1630
SN2007Y ;uvw1;2454155.82;17.89;    1631
SN2007Y ;uvw1;2454158.19;17.28;    1632
SN2007Y ;uvw1;2454161.64;16.93;    1633
SN2007Y ;uvw1;2454162.62;16.91;    1634
SN2007Y ;uvw1;2454164.39;17.23;    1635
SN2007Y ;uvw1;2454165.97;17.53;    1636
SN2007Y ;uvw1;2454168.44;18.13;    1637
SN2007Y ;uvw1;2454169.61;18.50;    1638
SN2007Y ;uvw1;2454172.17;18.66;    1639
SN2007Y ;uvw1;2454173.56;19.74;    1640
SN2007Y ;uvw1;2454176.08;19.57;    1641
SN2007Y ;uvw1;2454179.93;20.25;    1642
SN2007Y ;uvw1;2454181.87;20.15;    1643
SN2007Y ;uvw1;2454183.87;20.01;    1644
SN2007Y ;uvw1;2454185.76;20.27;    1645
SN2007Y ;u   ;2454152.48;17.00;    1646
SN2007Y ;u   ;2454153.59;16.56;    1647
SN2007Y ;u   ;2454154.71;16.16;    1648
SN2007Y ;u   ;2454155.82;15.84;    1649
SN2007Y ;u   ;2454158.20;15.35;    1650
SN2007Y ;u   ;2454161.64;15.10;    1651
SN2007Y ;u   ;2454162.62;15.10;    1652
SN2007Y ;u   ;2454164.39;15.31;    1653
SN2007Y ;u   ;2454165.97;15.55;    1654
SN2007Y ;u   ;2454168.44;16.36;    1655
SN2007Y ;u   ;2454169.62;16.83;    1656
SN2007Y ;u   ;2454172.17;17.50;    1657
SN2007Y ;u   ;2454173.56;18.02;    1658
SN2007Y ;u   ;2454176.08;18.47;    1659
SN2007Y ;u   ;2454179.93;18.96;    1660
SN2007Y ;u   ;2454181.87;19.05;    1661
SN2007Y ;u   ;2454183.88;19.21;    1662
SN2007Y ;u   ;2454185.76;18.92;    1663
SN2007Y ;b   ;2454152.48;17.01;    1664
SN2007Y ;b   ;2454153.59;16.68;    1665
SN2007Y ;b   ;2454154.71;16.38;    1666
SN2007Y ;b   ;2454155.82;16.21;    1667
SN2007Y ;b   ;2454158.20;15.90;    1668
SN2007Y ;b   ;2454161.64;15.68;    1669
SN2007Y ;b   ;2454162.62;15.66;    1670
SN2007Y ;b   ;2454164.39;15.65;    1671
SN2007Y ;b   ;2454165.97;15.68;    1672
SN2007Y ;b   ;2454168.44;16.03;    1673
SN2007Y ;b   ;2454169.62;16.15;    1674
SN2007Y ;b   ;2454172.17;16.61;    1675
SN2007Y ;b   ;2454173.56;16.83;    1676
SN2007Y ;b   ;2454176.08;17.24;    1677
SN2007Y ;b   ;2454179.93;17.61;    1678
SN2007Y ;b   ;2454181.87;17.61;    1679
SN2007Y ;b   ;2454183.88;17.77;    1680
SN2007Y ;b   ;2454185.76;17.84;    1681
SN2007Y ;v   ;2454152.49;16.59;    1682
SN2007Y ;v   ;2454153.59;16.29;    1683
SN2007Y ;v   ;2454154.72;16.10;    1684
SN2007Y ;v   ;2454155.83;15.97;    1685
SN2007Y ;v   ;2454158.20;15.71;    1686
SN2007Y ;v   ;2454161.64;15.47;    1687
SN2007Y ;v   ;2454162.63;15.46;    1688
SN2007Y ;v   ;2454164.39;15.32;    1689
SN2007Y ;v   ;2454165.97;15.34;    1690
SN2007Y ;v   ;2454168.44;15.47;    1691
SN2007Y ;v   ;2454169.62;15.53;    1692
SN2007Y ;v   ;2454172.17;16.00;    1693
SN2007Y ;v   ;2454173.56;16.02;    1694
SN2007Y ;v   ;2454176.08;16.24;    1695
SN2007Y ;v   ;2454179.92;16.47;    1696
SN2007Y ;v   ;2454181.86;16.53;    1697
SN2007Y ;v   ;2454183.87;16.72;    1698
SN2007Y ;v   ;2454185.75;16.75;    1699
SN2007aa;uvw2;2454156.25;19.75;    1700
SN2007aa;uvw2;2454162.36;19.79;    1701
SN2007aa;uvw2;2454168.43;20.06;    1702
SN2007aa;uvw2;2454184.94;20.34;    1703
SN2007aa;uvm2;2454156.22;19.73;    1704
SN2007aa;uvm2;2454168.44;19.91;    1705
SN2007aa;uvm2;2454184.94;20.07;    1706
SN2007aa;uvw1;2454156.24;18.55;    1707
SN2007aa;uvw1;2454160.87;18.95;    1708
SN2007aa;uvw1;2454162.36;18.62;    1709
SN2007aa;uvw1;2454168.45;19.35;    1710
SN2007aa;uvw1;2454179.61;19.89;    1711
SN2007aa;uvw1;2454184.93;19.46;    1712
SN2007aa;u   ;2454156.25;16.91;    1713
SN2007aa;u   ;2454179.62;18.02;    1714
SN2007aa;u   ;2454184.93;17.90;    1715
SN2007aa;b   ;2454156.25;16.39;    1716
SN2007aa;b   ;2454179.62;16.70;    1717
SN2007aa;b   ;2454184.93;16.69;    1718
SN2007aa;v   ;2454156.25;15.86;    1719
SN2007aa;v   ;2454179.62;15.80;    1720
SN2007aa;v   ;2454184.94;15.75;    1721
SN2007af;uvw2;2454162.35;18.72;    1722
SN2007af;uvw2;2454165.56;17.37;    1723
SN2007af;uvw2;2454170.16;16.33;    1724
SN2007af;uvw2;2454171.13;16.43;    1725
SN2007af;uvw2;2454172.04;16.31;    1726
SN2007af;uvw2;2454172.87;16.32;    1727
SN2007af;uvw2;2454173.54;16.37;    1728
SN2007af;uvw2;2454174.98;16.34;    1729
SN2007af;uvw2;2454176.12;16.44;    1730
SN2007af;uvw2;2454177.05;16.44;    1731
SN2007af;uvw2;2454178.06;16.45;    1732
SN2007af;uvw2;2454179.06;16.64;    1733
SN2007af;uvw2;2454180.07;16.74;    1734
SN2007af;uvw2;2454181.09;16.97;    1735
SN2007af;uvw2;2454181.57;17.07;    1736
SN2007af;uvw2;2454182.87;16.99;    1737
SN2007af;uvw2;2454183.74;17.29;    1738
SN2007af;uvw2;2454184.98;17.49;    1739
SN2007af;uvw2;2454185.88;17.65;    1740
SN2007af;uvw2;2454186.75;17.54;    1741
SN2007af;uvw2;2454187.79;17.71;    1742
SN2007af;uvw2;2454188.79;17.80;    1743
SN2007af;uvw2;2454189.93;18.10;    1744
SN2007af;uvw2;2454191.77;18.10;    1745
SN2007af;uvw2;2454192.95;18.23;    1746
SN2007af;uvw2;2454193.52;18.31;    1747
SN2007af;uvw2;2454196.32;18.74;    1748
SN2007af;uvw2;2454196.77;18.85;    1749
SN2007af;uvw2;2454200.61;19.32;    1750
SN2007af;uvw2;2454202.93;19.13;    1751
SN2007af;uvw2;2454204.95;19.10;    1752
SN2007af;uvw2;2454207.03;19.15;    1753
SN2007af;uvw2;2454209.28;19.27;    1754
SN2007af;uvw2;2454212.30;19.43;    1755
SN2007af;uvw2;2454214.23;19.68;    1756
SN2007af;uvw2;2454215.82;19.36;    1757
SN2007af;uvw2;2454217.79;19.50;    1758
SN2007af;uvw2;2454220.33;20.05;    1759
SN2007af;uvw2;2454224.00;20.02;    1760
SN2007af;uvw2;2454226.18;19.51;    1761
SN2007af;uvw2;2454228.30;19.99;    1762
SN2007af;uvw2;2454231.97;19.94;    1763
SN2007af;uvw2;2454238.44;19.89;    1764
SN2007af;uvw2;2454241.46;19.49;    1765
SN2007af;uvw2;2454244.92;20.17;    1766
SN2007af;uvw2;2454251.82;20.20;    1767
SN2007af;uvw2;2454258.75;20.27;    1768
SN2007af;uvw2;2454269.09;20.24;    1769
SN2007af;uvw2;2454272.94;20.30;    1770
SN2007af;uvw2;2454309.80;20.31;    1771
SN2007af;uvm2;2454162.36;19.90;    1772
SN2007af;uvm2;2454165.57;19.22;    1773
SN2007af;uvm2;2454170.17;17.33;    1774
SN2007af;uvm2;2454171.14;17.14;    1775
SN2007af;uvm2;2454172.04;17.23;    1776
SN2007af;uvm2;2454172.87;17.15;    1777
SN2007af;uvm2;2454173.54;16.95;    1778
SN2007af;uvm2;2454176.11;17.05;    1779
SN2007af;uvm2;2454181.07;17.26;    1780
SN2007af;uvm2;2454181.57;17.60;    1781
SN2007af;uvm2;2454184.98;18.07;    1782
SN2007af;uvm2;2454186.75;18.33;    1783
SN2007af;uvm2;2454187.79;18.21;    1784
SN2007af;uvm2;2454188.79;18.65;    1785
SN2007af;uvm2;2454189.93;18.58;    1786
SN2007af;uvm2;2454191.70;18.15;    1787
SN2007af;uvm2;2454192.95;18.71;    1788
SN2007af;uvm2;2454196.32;19.29;    1789
SN2007af;uvm2;2454196.78;19.15;    1790
SN2007af;uvm2;2454200.61;19.26;    1791
SN2007af;uvm2;2454202.94;19.09;    1792
SN2007af;uvm2;2454204.96;19.20;    1793
SN2007af;uvm2;2454207.03;19.59;    1794
SN2007af;uvm2;2454209.28;19.49;    1795
SN2007af;uvm2;2454212.31;19.70;    1796
SN2007af;uvm2;2454214.24;19.72;    1797
SN2007af;uvm2;2454215.82;19.54;    1798
SN2007af;uvm2;2454217.79;19.73;    1799
SN2007af;uvm2;2454224.00;19.76;    1800
SN2007af;uvm2;2454226.18;19.69;    1801
SN2007af;uvm2;2454228.30;19.46;    1802
SN2007af;uvm2;2454231.98;19.90;    1803
SN2007af;uvm2;2454238.45;19.50;    1804
SN2007af;uvm2;2454241.46;19.11;    1805
SN2007af;uvm2;2454244.92;19.75;    1806
SN2007af;uvm2;2454251.82;19.85;    1807
SN2007af;uvm2;2454258.75;19.96;    1808
SN2007af;uvm2;2454269.09;19.91;    1809
SN2007af;uvm2;2454272.94;19.97;    1810
SN2007af;uvm2;2454302.17;19.96;    1811
SN2007af;uvm2;2454309.80;20.01;    1812
SN2007af;uvw1;2454162.34;17.25;    1813
SN2007af;uvw1;2454165.56;15.66;    1814
SN2007af;uvw1;2454170.16;14.76;    1815
SN2007af;uvw1;2454171.13;14.78;    1816
SN2007af;uvw1;2454172.03;14.67;    1817
SN2007af;uvw1;2454172.87;14.73;    1818
SN2007af;uvw1;2454173.54;14.71;    1819
SN2007af;uvw1;2454176.11;14.97;    1820
SN2007af;uvw1;2454177.05;15.00;    1821
SN2007af;uvw1;2454178.05;15.16;    1822
SN2007af;uvw1;2454179.06;15.22;    1823
SN2007af;uvw1;2454180.06;15.37;    1824
SN2007af;uvw1;2454181.09;15.52;    1825
SN2007af;uvw1;2454181.56;15.61;    1826
SN2007af;uvw1;2454182.86;15.80;    1827
SN2007af;uvw1;2454183.73;15.84;    1828
SN2007af;uvw1;2454184.98;16.02;    1829
SN2007af;uvw1;2454185.88;16.18;    1830
SN2007af;uvw1;2454186.75;16.31;    1831
SN2007af;uvw1;2454187.78;16.35;    1832
SN2007af;uvw1;2454188.78;16.61;    1833
SN2007af;uvw1;2454189.92;16.70;    1834
SN2007af;uvw1;2454191.77;16.89;    1835
SN2007af;uvw1;2454192.94;17.06;    1836
SN2007af;uvw1;2454193.52;17.12;    1837
SN2007af;uvw1;2454196.31;17.37;    1838
SN2007af;uvw1;2454196.77;17.38;    1839
SN2007af;uvw1;2454200.61;17.75;    1840
SN2007af;uvw1;2454202.93;17.88;    1841
SN2007af;uvw1;2454204.95;18.16;    1842
SN2007af;uvw1;2454207.03;18.10;    1843
SN2007af;uvw1;2454209.27;18.12;    1844
SN2007af;uvw1;2454212.30;18.27;    1845
SN2007af;uvw1;2454214.23;18.36;    1846
SN2007af;uvw1;2454215.81;18.61;    1847
SN2007af;uvw1;2454217.79;18.65;    1848
SN2007af;uvw1;2454220.32;18.61;    1849
SN2007af;uvw1;2454224.00;18.85;    1850
SN2007af;uvw1;2454226.17;18.92;    1851
SN2007af;uvw1;2454228.33;19.12;    1852
SN2007af;uvw1;2454231.96;19.08;    1853
SN2007af;uvw1;2454238.43;18.95;    1854
SN2007af;uvw1;2454241.46;19.10;    1855
SN2007af;uvw1;2454244.92;19.51;    1856
SN2007af;uvw1;2454251.82;19.35;    1857
SN2007af;uvw1;2454258.75;19.78;    1858
SN2007af;uvw1;2454269.09;19.92;    1859
SN2007af;uvw1;2454272.94;19.78;    1860
SN2007af;uvw1;2454279.77;20.07;    1861
SN2007af;uvw1;2454293.56;20.03;    1862
SN2007af;uvw1;2454309.79;20.01;    1863
SN2007af;u   ;2454162.34;15.44;    1864
SN2007af;u   ;2454165.56;13.92;    1865
SN2007af;u   ;2454170.16;13.13;    1866
SN2007af;u   ;2454171.13;13.15;    1867
SN2007af;u   ;2454172.03;13.10;    1868
SN2007af;u   ;2454172.87;13.06;    1869
SN2007af;u   ;2454173.54;13.12;    1870
SN2007af;u   ;2454177.05;13.36;    1871
SN2007af;u   ;2454178.05;13.45;    1872
SN2007af;u   ;2454179.06;13.61;    1873
SN2007af;u   ;2454180.06;13.72;    1874
SN2007af;u   ;2454181.09;13.87;    1875
SN2007af;u   ;2454181.57;13.97;    1876
SN2007af;u   ;2454182.87;14.10;    1877
SN2007af;u   ;2454183.73;14.22;    1878
SN2007af;u   ;2454184.98;14.38;    1879
SN2007af;u   ;2454185.88;14.47;    1880
SN2007af;u   ;2454186.75;14.62;    1881
SN2007af;u   ;2454187.78;14.74;    1882
SN2007af;u   ;2454188.79;14.90;    1883
SN2007af;u   ;2454189.93;15.09;    1884
SN2007af;u   ;2454191.77;15.34;    1885
SN2007af;u   ;2454192.94;15.45;    1886
SN2007af;u   ;2454193.52;15.54;    1887
SN2007af;u   ;2454196.32;15.88;    1888
SN2007af;u   ;2454196.77;15.90;    1889
SN2007af;u   ;2454200.61;16.26;    1890
SN2007af;u   ;2454202.93;16.36;    1891
SN2007af;u   ;2454204.95;16.54;    1892
SN2007af;u   ;2454207.03;16.63;    1893
SN2007af;u   ;2454209.27;16.72;    1894
SN2007af;u   ;2454212.30;16.91;    1895
SN2007af;u   ;2454214.23;16.95;    1896
SN2007af;u   ;2454215.81;17.03;    1897
SN2007af;u   ;2454217.79;17.03;    1898
SN2007af;u   ;2454220.32;17.11;    1899
SN2007af;u   ;2454224.00;17.16;    1900
SN2007af;u   ;2454226.18;17.17;    1901
SN2007af;u   ;2454228.30;17.16;    1902
SN2007af;u   ;2454231.97;17.34;    1903
SN2007af;u   ;2454238.44;17.50;    1904
SN2007af;u   ;2454241.46;17.86;    1905
SN2007af;u   ;2454244.92;17.65;    1906
SN2007af;u   ;2454251.82;17.96;    1907
SN2007af;u   ;2454258.75;18.09;    1908
SN2007af;u   ;2454269.09;18.27;    1909
SN2007af;u   ;2454272.94;18.47;    1910
SN2007af;u   ;2454279.77;18.68;    1911
SN2007af;u   ;2454309.79;19.67;    1912
SN2007af;b   ;2454162.35;15.11;    1913
SN2007af;b   ;2454165.56;14.13;    1914
SN2007af;b   ;2454170.16;13.43;    1915
SN2007af;b   ;2454171.13;13.38;    1916
SN2007af;b   ;2454172.03;13.33;    1917
SN2007af;b   ;2454172.87;13.29;    1918
SN2007af;b   ;2454173.54;13.32;    1919
SN2007af;b   ;2454177.05;13.32;    1920
SN2007af;b   ;2454178.06;13.37;    1921
SN2007af;b   ;2454179.06;13.44;    1922
SN2007af;b   ;2454180.06;13.49;    1923
SN2007af;b   ;2454181.09;13.57;    1924
SN2007af;b   ;2454181.57;13.63;    1925
SN2007af;b   ;2454182.87;13.75;    1926
SN2007af;b   ;2454183.73;13.84;    1927
SN2007af;b   ;2454184.98;13.97;    1928
SN2007af;b   ;2454185.88;14.04;    1929
SN2007af;b   ;2454186.75;14.18;    1930
SN2007af;b   ;2454187.78;14.30;    1931
SN2007af;b   ;2454188.79;14.41;    1932
SN2007af;b   ;2454189.93;14.56;    1933
SN2007af;b   ;2454191.77;14.80;    1934
SN2007af;b   ;2454192.94;14.90;    1935
SN2007af;b   ;2454193.52;14.98;    1936
SN2007af;b   ;2454196.32;15.27;    1937
SN2007af;b   ;2454196.77;15.30;    1938
SN2007af;b   ;2454200.61;15.63;    1939
SN2007af;b   ;2454202.93;15.82;    1940
SN2007af;b   ;2454204.95;15.99;    1941
SN2007af;b   ;2454207.03;16.09;    1942
SN2007af;b   ;2454209.27;16.17;    1943
SN2007af;b   ;2454212.30;16.34;    1944
SN2007af;b   ;2454214.23;16.37;    1945
SN2007af;b   ;2454215.82;16.52;    1946
SN2007af;b   ;2454217.79;16.49;    1947
SN2007af;b   ;2454220.32;16.50;    1948
SN2007af;b   ;2454224.00;16.59;    1949
SN2007af;b   ;2454226.18;16.62;    1950
SN2007af;b   ;2454228.30;16.71;    1951
SN2007af;b   ;2454231.97;16.73;    1952
SN2007af;b   ;2454238.44;16.81;    1953
SN2007af;b   ;2454241.46;17.05;    1954
SN2007af;b   ;2454244.92;16.89;    1955
SN2007af;b   ;2454251.82;17.03;    1956
SN2007af;b   ;2454258.75;17.18;    1957
SN2007af;b   ;2454269.09;17.28;    1958
SN2007af;b   ;2454272.94;17.27;    1959
SN2007af;b   ;2454279.77;17.40;    1960
SN2007af;b   ;2454309.79;17.92;    1961
SN2007af;v   ;2454162.36;15.04;    1962
SN2007af;v   ;2454165.57;14.17;    1963
SN2007af;v   ;2454170.16;13.46;    1964
SN2007af;v   ;2454171.13;13.44;    1965
SN2007af;v   ;2454172.04;13.34;    1966
SN2007af;v   ;2454172.87;13.32;    1967
SN2007af;v   ;2454173.54;13.28;    1968
SN2007af;v   ;2454177.06;13.24;    1969
SN2007af;v   ;2454178.06;13.27;    1970
SN2007af;v   ;2454179.06;13.25;    1971
SN2007af;v   ;2454180.07;13.26;    1972
SN2007af;v   ;2454181.10;13.30;    1973
SN2007af;v   ;2454181.57;13.34;    1974
SN2007af;v   ;2454182.87;13.40;    1975
SN2007af;v   ;2454183.74;13.42;    1976
SN2007af;v   ;2454184.98;13.47;    1977
SN2007af;v   ;2454185.88;13.57;    1978
SN2007af;v   ;2454186.75;13.62;    1979
SN2007af;v   ;2454187.79;13.66;    1980
SN2007af;v   ;2454188.79;13.72;    1981
SN2007af;v   ;2454189.93;13.84;    1982
SN2007af;v   ;2454191.70;13.90;    1983
SN2007af;v   ;2454192.95;13.98;    1984
SN2007af;v   ;2454193.53;14.01;    1985
SN2007af;v   ;2454196.32;14.18;    1986
SN2007af;v   ;2454196.77;14.20;    1987
SN2007af;v   ;2454200.61;14.43;    1988
SN2007af;v   ;2454202.94;14.61;    1989
SN2007af;v   ;2454204.95;14.71;    1990
SN2007af;v   ;2454207.03;14.91;    1991
SN2007af;v   ;2454209.28;15.01;    1992
SN2007af;v   ;2454212.30;15.18;    1993
SN2007af;v   ;2454214.24;15.24;    1994
SN2007af;v   ;2454215.82;15.32;    1995
SN2007af;v   ;2454217.79;15.37;    1996
SN2007af;v   ;2454220.33;15.49;    1997
SN2007af;v   ;2454224.00;15.58;    1998
SN2007af;v   ;2454226.18;15.71;    1999
SN2007af;v   ;2454228.30;15.68;    2000
SN2007af;v   ;2454231.97;15.80;    2001
SN2007af;v   ;2454238.44;15.99;    2002
SN2007af;v   ;2454241.46;16.02;    2003
SN2007af;v   ;2454244.92;16.16;    2004
SN2007af;v   ;2454251.82;16.36;    2005
SN2007af;v   ;2454258.75;16.47;    2006
SN2007af;v   ;2454269.09;16.76;    2007
SN2007af;v   ;2454272.94;16.91;    2008
SN2007af;v   ;2454279.77;17.06;    2009
SN2007af;v   ;2454309.80;17.75;    2010
SN2007bm;uvw2;2454217.31;18.69;    2011
SN2007bm;uvw2;2454221.12;18.27;    2012
SN2007bm;uvw2;2454223.60;18.21;    2013
SN2007bm;uvw2;2454228.91;18.52;    2014
SN2007bm;uvm2;2454217.32;20.01;    2015
SN2007bm;uvm2;2454221.12;20.03;    2016
SN2007bm;uvm2;2454223.61;19.86;    2017
SN2007bm;uvm2;2454228.91;20.09;    2018
SN2007bm;uvw1;2454217.31;17.03;    2019
SN2007bm;uvw1;2454221.11;16.68;    2020
SN2007bm;uvw1;2454223.60;16.71;    2021
SN2007bm;uvw1;2454228.91;17.11;    2022
SN2007bm;u   ;2454217.31;15.15;    2023
SN2007bm;u   ;2454221.11;14.82;    2024
SN2007bm;u   ;2454223.60;14.81;    2025
SN2007bm;u   ;2454228.91;15.24;    2026
SN2007co;uvw2;2454261.62;20.40;    2027
SN2007co;uvw2;2454264.33;20.71;    2028
SN2007co;uvw2;2454265.94;20.13;    2029
SN2007co;uvw2;2454268.13;20.31;    2030
SN2007co;uvw2;2454272.33;20.83;    2031
SN2007co;uvw2;2454274.15;20.69;    2032
SN2007co;uvw2;2454276.00;20.86;    2033
SN2007co;uvw2;2454278.34;20.84;    2034
SN2007co;uvm2;2454261.59;20.42;    2035
SN2007co;uvm2;2454264.33;20.36;    2036
SN2007co;uvm2;2454265.94;20.42;    2037
SN2007co;uvm2;2454268.08;19.94;    2038
SN2007co;uvm2;2454272.33;20.50;    2039
SN2007co;uvm2;2454274.16;20.23;    2040
SN2007co;uvm2;2454276.01;20.56;    2041
SN2007co;uvm2;2454278.34;20.49;    2042
SN2007co;uvw1;2454261.62;18.85;    2043
SN2007co;uvw1;2454264.32;18.83;    2044
SN2007co;uvw1;2454265.94;18.92;    2045
SN2007co;uvw1;2454268.13;18.81;    2046
SN2007co;uvw1;2454272.32;19.32;    2047
SN2007co;uvw1;2454274.15;19.36;    2048
SN2007co;uvw1;2454275.99;19.87;    2049
SN2007co;uvw1;2454278.33;20.09;    2050
SN2007co;uvw1;2454281.88;20.54;    2051
SN2007co;uvw1;2454289.82;20.77;    2052
SN2007co;u   ;2454261.62;17.05;    2053
SN2007co;u   ;2454264.32;16.99;    2054
SN2007co;u   ;2454265.94;17.06;    2055
SN2007co;u   ;2454268.13;17.32;    2056
SN2007co;u   ;2454272.32;17.78;    2057
SN2007co;u   ;2454274.15;17.98;    2058
SN2007co;u   ;2454276.00;18.19;    2059
SN2007co;u   ;2454278.33;18.47;    2060
SN2007co;u   ;2454281.88;19.09;    2061
SN2007co;u   ;2454289.89;19.61;    2062
SN2007co;b   ;2454261.62;16.98;    2063
SN2007co;b   ;2454264.33;16.84;    2064
SN2007co;b   ;2454265.94;16.92;    2065
SN2007co;b   ;2454268.13;16.96;    2066
SN2007co;b   ;2454272.33;17.21;    2067
SN2007co;b   ;2454274.15;17.41;    2068
SN2007co;b   ;2454276.00;17.51;    2069
SN2007co;b   ;2454278.34;17.78;    2070
SN2007co;b   ;2454281.88;18.35;    2071
SN2007co;b   ;2454289.89;19.19;    2072
SN2007co;v   ;2454261.59;16.95;    2073
SN2007co;v   ;2454264.33;16.74;    2074
SN2007co;v   ;2454265.94;16.72;    2075
SN2007co;v   ;2454268.07;16.72;    2076
SN2007co;v   ;2454272.33;16.90;    2077
SN2007co;v   ;2454274.16;16.91;    2078
SN2007co;v   ;2454276.01;17.03;    2079
SN2007co;v   ;2454278.34;17.20;    2080
SN2007co;v   ;2454281.88;17.45;    2081
SN2007co;v   ;2454289.89;17.91;    2082
SN2007cq;uvw2;2454277.29;18.57;    2083
SN2007cq;uvw2;2454277.36;18.62;    2084
SN2007cq;uvw2;2454279.24;18.62;    2085
SN2007cq;uvw2;2454280.88;18.82;    2086
SN2007cq;uvw2;2454283.59;18.95;    2087
SN2007cq;uvw2;2454284.65;19.08;    2088
SN2007cq;uvw2;2454289.27;19.60;    2089
SN2007cq;uvw2;2454290.94;19.51;    2090
SN2007cq;uvw2;2454302.12;20.59;    2091
SN2007cq;uvm2;2454277.30;18.62;    2092
SN2007cq;uvm2;2454277.37;18.53;    2093
SN2007cq;uvm2;2454279.24;18.66;    2094
SN2007cq;uvm2;2454281.15;18.50;    2095
SN2007cq;uvm2;2454283.59;19.02;    2096
SN2007cq;uvm2;2454284.65;19.22;    2097
SN2007cq;uvm2;2454289.27;19.97;    2098
SN2007cq;uvm2;2454290.94;19.71;    2099
SN2007cq;uvm2;2454302.12;20.14;    2100
SN2007cq;uvw1;2454277.31;17.46;    2101
SN2007cq;uvw1;2454277.39;17.65;    2102
SN2007cq;uvw1;2454279.23;17.67;    2103
SN2007cq;uvw1;2454280.87;17.64;    2104
SN2007cq;uvw1;2454283.59;17.90;    2105
SN2007cq;uvw1;2454284.64;17.93;    2106
SN2007cq;uvw1;2454289.26;18.45;    2107
SN2007cq;uvw1;2454290.93;18.73;    2108
SN2007cq;uvw1;2454293.23;18.99;    2109
SN2007cq;uvw1;2454295.44;19.31;    2110
SN2007cq;uvw1;2454296.96;19.48;    2111
SN2007cq;uvw1;2454302.11;19.95;    2112
SN2007cq;u   ;2454277.29;16.10;    2113
SN2007cq;u   ;2454277.36;16.11;    2114
SN2007cq;u   ;2454279.23;16.12;    2115
SN2007cq;u   ;2454280.87;16.20;    2116
SN2007cq;u   ;2454283.59;16.46;    2117
SN2007cq;u   ;2454284.65;16.44;    2118
SN2007cq;u   ;2454289.26;17.05;    2119
SN2007cq;u   ;2454290.93;17.22;    2120
SN2007cq;u   ;2454293.23;17.47;    2121
SN2007cq;u   ;2454295.44;17.72;    2122
SN2007cq;u   ;2454296.96;18.01;    2123
SN2007cq;u   ;2454302.12;18.66;    2124
SN2007cq;b   ;2454277.29;16.25;    2125
SN2007cq;b   ;2454277.36;16.36;    2126
SN2007cq;b   ;2454279.23;16.31;    2127
SN2007cq;b   ;2454280.87;16.25;    2128
SN2007cq;b   ;2454283.59;16.34;    2129
SN2007cq;b   ;2454284.65;16.33;    2130
SN2007cq;b   ;2454289.26;16.67;    2131
SN2007cq;b   ;2454290.94;16.79;    2132
SN2007cq;b   ;2454293.23;17.01;    2133
SN2007cq;b   ;2454295.44;17.27;    2134
SN2007cq;b   ;2454296.96;17.47;    2135
SN2007cq;b   ;2454302.12;18.13;    2136
SN2007cq;v   ;2454277.30;16.37;    2137
SN2007cq;v   ;2454277.36;16.43;    2138
SN2007cq;v   ;2454279.24;16.23;    2139
SN2007cq;v   ;2454281.15;16.20;    2140
SN2007cq;v   ;2454283.59;16.13;    2141
SN2007cq;v   ;2454284.65;16.21;    2142
SN2007cq;v   ;2454289.27;16.39;    2143
SN2007cq;v   ;2454290.94;16.50;    2144
SN2007cq;v   ;2454293.23;16.61;    2145
SN2007cq;v   ;2454295.44;16.76;    2146
SN2007cq;v   ;2454296.96;16.75;    2147
SN2007cq;v   ;2454302.12;17.34;    2148
SN2007cv;uvw2;2454282.28;19.85;    2149
SN2007cv;uvw2;2454284.28;19.23;    2150
SN2007cv;uvw2;2454285.59;18.70;    2151
SN2007cv;uvw2;2454287.63;18.49;    2152
SN2007cv;uvw2;2454289.41;18.29;    2153
SN2007cv;uvw2;2454291.55;18.59;    2154
SN2007cv;uvw2;2454296.40;19.16;    2155
SN2007cv;uvw2;2454297.51;19.00;    2156
SN2007cv;uvw2;2454298.64;19.16;    2157
SN2007cv;uvw2;2454299.58;19.02;    2158
SN2007cv;uvw2;2454301.58;19.20;    2159
SN2007cv;uvw2;2454303.60;19.55;    2160
SN2007cv;uvw2;2454305.60;20.31;    2161
SN2007cv;uvw2;2454308.62;20.56;    2162
SN2007cv;uvw2;2454312.10;20.05;    2163
SN2007cv;uvw2;2454314.61;20.67;    2164
SN2007cv;uvm2;2454282.28;20.45;    2165
SN2007cv;uvm2;2454284.29;20.39;    2166
SN2007cv;uvm2;2454285.59;20.36;    2167
SN2007cv;uvm2;2454287.64;20.31;    2168
SN2007cv;uvm2;2454289.41;19.88;    2169
SN2007cv;uvm2;2454291.55;19.78;    2170
SN2007cv;uvm2;2454292.98;19.69;    2171
SN2007cv;uvm2;2454298.64;19.70;    2172
SN2007cv;uvm2;2454299.58;19.56;    2173
SN2007cv;uvm2;2454301.59;20.10;    2174
SN2007cv;uvm2;2454305.61;20.17;    2175
SN2007cv;uvw1;2454282.26;18.27;    2176
SN2007cv;uvw1;2454284.27;17.49;    2177
SN2007cv;uvw1;2454285.58;17.12;    2178
SN2007cv;uvw1;2454287.63;16.92;    2179
SN2007cv;uvw1;2454289.40;16.80;    2180
SN2007cv;uvw1;2454291.54;16.95;    2181
SN2007cv;uvw1;2454294.16;17.24;    2182
SN2007cv;uvw1;2454296.40;17.50;    2183
SN2007cv;uvw1;2454297.50;17.67;    2184
SN2007cv;uvw1;2454299.57;17.84;    2185
SN2007cv;uvw1;2454301.58;18.05;    2186
SN2007cv;uvw1;2454303.59;18.36;    2187
SN2007cv;uvw1;2454305.60;18.88;    2188
SN2007cv;uvw1;2454308.62;19.15;    2189
SN2007cv;uvw1;2454312.11;19.21;    2190
SN2007cv;uvw1;2454314.61;19.65;    2191
SN2007cv;u   ;2454282.27;16.32;    2192
SN2007cv;u   ;2454284.28;15.65;    2193
SN2007cv;u   ;2454285.58;15.30;    2194
SN2007cv;u   ;2454287.63;15.06;    2195
SN2007cv;u   ;2454289.40;15.07;    2196
SN2007cv;u   ;2454291.54;15.18;    2197
SN2007cv;u   ;2454294.16;15.48;    2198
SN2007cv;u   ;2454296.40;15.77;    2199
SN2007cv;u   ;2454297.50;15.94;    2200
SN2007cv;u   ;2454299.58;16.25;    2201
SN2007cv;u   ;2454301.58;16.65;    2202
SN2007cv;u   ;2454303.59;16.97;    2203
SN2007cv;u   ;2454305.60;17.18;    2204
SN2007cv;u   ;2454308.63;17.74;    2205
SN2007cv;u   ;2454312.11;18.03;    2206
SN2007cv;u   ;2454314.61;18.41;    2207
SN2007cv;b   ;2454282.27;16.41;    2208
SN2007cv;b   ;2454284.28;15.93;    2209
SN2007cv;b   ;2454285.59;15.63;    2210
SN2007cv;b   ;2454287.63;15.40;    2211
SN2007cv;b   ;2454289.40;15.30;    2212
SN2007cv;b   ;2454291.54;15.32;    2213
SN2007cv;b   ;2454294.17;15.38;    2214
SN2007cv;b   ;2454296.40;15.58;    2215
SN2007cv;b   ;2454297.51;15.69;    2216
SN2007cv;b   ;2454299.58;15.95;    2217
SN2007cv;b   ;2454301.58;16.23;    2218
SN2007cv;b   ;2454303.59;16.58;    2219
SN2007cv;b   ;2454305.60;16.87;    2220
SN2007cv;b   ;2454308.63;17.25;    2221
SN2007cv;b   ;2454312.11;17.63;    2222
SN2007cv;b   ;2454314.61;17.88;    2223
SN2007cv;b   ;2454317.86;18.04;    2224
SN2007cv;b   ;2454320.84;18.32;    2225
SN2007cv;v   ;2454282.28;16.30;    2226
SN2007cv;v   ;2454284.29;15.86;    2227
SN2007cv;v   ;2454285.59;15.64;    2228
SN2007cv;v   ;2454287.63;15.42;    2229
SN2007cv;v   ;2454289.41;15.26;    2230
SN2007cv;v   ;2454291.55;15.18;    2231
SN2007cv;v   ;2454294.17;15.22;    2232
SN2007cv;v   ;2454297.48;15.35;    2233
SN2007cv;v   ;2454299.58;15.50;    2234
SN2007cv;v   ;2454301.59;15.59;    2235
SN2007cv;v   ;2454305.61;15.96;    2236
SN2007cv;v   ;2454308.62;16.15;    2237
SN2007cv;v   ;2454312.11;16.39;    2238
SN2007cv;v   ;2454314.61;16.70;    2239
SN2007cv;v   ;2454317.85;16.96;    2240
SN2007cv;v   ;2454320.83;17.17;    2241